short_name,skip_score,location_city,cussine_list
1600 world bier haus,91,Calgary,Pub Food
2 claw burritos,99,Calgary,"Spanish, Latin American, Mexican"
2 for 1 pizza house,90,Calgary,"Italian, Indian"
2030 cafe,85,Calgary,Chinese
241 pizza,98,Calgary,Fast Food
360 shawarma & pizza,80,Calgary,Middle Eastern
4 corners,80,Calgary,Fast Food
402 bbq,82,Calgary,Fast Food
4th street pizza,97,Calgary,Italian
5 senses ramen & sushi,80,Calgary,"French, Japanese"
500 cucina,80,Calgary,Italian
500 cucina - just eat,75,Calgary,Italian
7-eleven,84,Calgary,"Fast Food, Convenience"
722 world bier haus,93,Calgary,Pub Food
80 ate indo chinese fusion house,72,Calgary,"Indian, Chinese"
a la saj,80,Calgary,Middle Eastern
a perfect pizza,80,Calgary,Italian
a plus 1,88,Calgary,Convenience
a taste of quebec,80,Calgary,"Pub Food, French"
a taste of saigon,80,Calgary,Vietnamese
a to z fusion kitchen,80,Calgary,"Fast Food, Indian"
a touch of ginger delight,80,Calgary,"Thai, Vietnamese, Chinese"
a touch of ginger downtown,80,Calgary,"Thai, Vietnamese"
a touch of india,72,Calgary,Indian
a&p chinese food express,92,Calgary,Chinese
a&w,67,Calgary,Fast Food
a+ buffet sushi bar,74,Calgary,Japanese
a1 spice & grocery,80,Calgary,Convenience
aaa donair and jamaican cuisine,80,Calgary,Caribbean
aaliya's pizzeria and shawarma café,89,Calgary,"Middle Eastern, Italian"
abyssinia ethiopian and eritrean cuisine,78,Calgary,Ethiopian
actually pretty good,89,Calgary,Italian
adams grocery and convenience store,72,Calgary,Convenience
adams indian food store,72,Calgary,Indian
adana shawarma & grill,80,Calgary,Middle Eastern
add more fries,93,Calgary,"Fast Food, Latin American, Mexican"
adobo experience,67,Calgary,Filipino
afghan kabob,80,Calgary,Middle Eastern
agni fine indian cuisine,95,Calgary,Indian
ahinke's kitchen,80,Calgary,Caribbean
aida's bistro,94,Calgary,Middle Eastern
aida's donair,87,Calgary,Mediterranean
ajisai japanese cuisine,82,Calgary,Japanese
aki ramen,87,Calgary,Japanese
al's pizza and steakhouse,97,Calgary,Italian
al-madina shawarma,95,Calgary,Middle Eastern
aladdin donair and pizza and fritou fried chicken,70,Calgary,"Middle Eastern, Pub Food"
alberta king of subs,95,Calgary,"Fast Food, Pub Food"
aldayaa shawarma,80,Calgary,Mediterranean
alforno bakery & cafe,90,Calgary,Italian
alibaba kabob house inc.,80,Calgary,"Indian, Mediterranean"
all beef catering and smokehouse,77,Calgary,Pub Food
alley burger,79,Calgary,Fast Food
amantea italian restaurant,82,Calgary,Italian
amato gelato,93,Calgary,Italian
amaya indian street food,80,Calgary,Indian
ami tea,78,Calgary,Vietnamese
ami tea & sub,80,Calgary,Vietnamese
ami tea inglewood,95,Calgary,Vietnamese
amici italian grill,80,Calgary,Italian
amico chef,93,Calgary,Italian
amigo taco & burrito co.,83,Calgary,Mexican
amigo taco and burrito co.,82,Calgary,Mexican
amitea heritage,93,Calgary,Fast Food
amritsari tadka restaurant,79,Calgary,Indian
an nam pho vietnamese cuisine and grill,80,Calgary,Vietnamese
an-nam pho vietnamese cuisine and grill,80,Calgary,"Vietnamese, Chinese"
anatolia turkish restaurant,72,Calgary,Mediterranean
anaya bbq hut and chaat house,100,Calgary,Indian
andaro's pizza,94,Calgary,"Pub Food, Italian"
annabelle's kitchen,93,Calgary,Italian
anything cafe vietnamese cuisine,80,Calgary,Vietnamese
aplus donair,80,Calgary,Mediterranean
apple inn chinese restaurant,94,Calgary,Chinese
arashi japanese restaurant,98,Calgary,Japanese
arby's,92,Calgary,Fast Food
arch persian lounge,80,Calgary,Mediterranean
arepas ranch,84,Calgary,"Fast Food, Mexican"
ari sushi,80,Calgary,Japanese
aroma café bar,75,Calgary,Mexican
aroma dim sum,87,Calgary,Chinese
asadal korean cuisine,97,Calgary,Korean
ashwani's indian kitchen,81,Calgary,Indian
asian buffet,95,Calgary,Chinese
asian grill bbq & chinese halal,80,Calgary,"Middle Eastern, Indian"
asian village wok and grill,98,Calgary,"Japanese, Chinese, Vietnamese"
august moon,91,Calgary,Chinese
aujla's,80,Calgary,"Pub Food, Indian"
aujla's restaurant bar & grill,71,Calgary,"Pub Food, Indian"
auntie's chinese burger,80,Calgary,Chinese
authentic desi grocery and meats,72,Calgary,"Convenience, Indian"
avenue 16 kitchen & bar,93,Calgary,Pub Food
avesta shawarma,81,Calgary,"Fast Food, Middle Eastern"
avi's kabob & shawarma,85,Calgary,Mediterranean
azalea korean cuisine,85,Calgary,Korean
ba mien quan,90,Calgary,Vietnamese
baaug,75,Calgary,Indian
baba ka dhaba,80,Calgary,Indian
babaz shawarma,92,Calgary,"Pub Food, Mediterranean"
babylon fast food,80,Calgary,Fast Food
babylon qithara,75,Calgary,"Middle Eastern, Mediterranean"
badshah curry house,67,Calgary,Indian
bagolac saigon,98,Calgary,"Thai, Vietnamese"
baladi shawarma,95,Calgary,"Middle Eastern, Fast Food"
bali resto,88,Calgary,Middle Eastern
balo vietnamese,80,Calgary,Vietnamese
balo vietnamese evening,80,Calgary,Vietnamese
bamboo-house chinese food,91,Calgary,Chinese
bami vietnamese eatery,98,Calgary,Vietnamese
bangkok buri,80,Calgary,Thai
bangkok kitchen,98,Calgary,Thai
bangkok street food,96,Calgary,Thai
bangkoknoi thai,82,Calgary,"Thai, Chinese"
banh mi cay,93,Calgary,Vietnamese
banh mi nhu y,96,Calgary,Vietnamese
bankview public house,80,Calgary,Pub Food
banzai,95,Calgary,Japanese
banzai poke and ramen,96,Calgary,Japanese
banzai sushi & teriyaki house,96,Calgary,Japanese
bar one,93,Calgary,Pub Food
bar patricia,80,Calgary,"Fast Food, Pub Food"
barburrito,86,Calgary,Mexican
barcelona tavern,86,Calgary,"Spanish, Pub Food, Mediterranean"
barrio fiesta,89,Calgary,Filipino
bawk bawk chicken & poutines,96,Calgary,"Fast Food, Pub Food"
bb.q chicken,77,Calgary,Korean
bb.q chicken beltline,98,Calgary,"Pub Food, Korean"
bb.q chicken crowfoot square,84,Calgary,Korean
bb.q chicken downtown west,80,Calgary,Korean
bb.q chicken midnapore,98,Calgary,Korean
bb.q chicken southland crossing,99,Calgary,Korean
bb.q chicken stampede,90,Calgary,"Pub Food, Korean"
bb.q chicken westbrook,97,Calgary,Korean
bbs city pizza,80,Calgary,Italian
beagle 14,72,Calgary,Pub Food
beckham's pub & eatery,94,Calgary,Pub Food
beefers,75,Calgary,Pub Food
beefun,80,Calgary,"Thai, Chinese, Vietnamese"
beer revolution craft beer & pizza bar,82,Calgary,Pub Food
beirut bakery,91,Calgary,Middle Eastern
beirut street food,95,Calgary,"Middle Eastern, Mediterranean"
bell's pizza,94,Calgary,"Fast Food, Mexican"
bella amore,82,Calgary,Italian
bellyful authentic caribbean cuisine,83,Calgary,Caribbean
bennys breakfast bar,95,Calgary,Fast Food
best choice pizza,72,Calgary,"Fast Food, Mediterranean"
big al's bar & grill,88,Calgary,Pub Food
big catch,88,Calgary,Japanese
big catch sushi,75,Calgary,Japanese
big fun play centre,80,Calgary,"Pub Food, Mexican"
big john's pizza & donairs,95,Calgary,"Pub Food, Italian"
big smoke burger,87,Calgary,"Fast Food, Pub Food"
big wok chinese kitchen,80,Calgary,Chinese
bikaner sweets house & restaurant,79,Calgary,Middle Eastern
bill's peking house,82,Calgary,Chinese
billoos indian cuisine,88,Calgary,Indian
binh minh kitchen & bar,75,Calgary,"Fast Food, Vietnamese"
bird dawgs,82,Calgary,Pub Food
bistro marcel,93,Calgary,Fast Food
bistro rouge,80,Calgary,French
black betty burger & wine bar,82,Calgary,Italian
black pearl,63,Calgary,Japanese
black salt bistro,80,Calgary,Fast Food
black swan ale house,80,Calgary,Pub Food
blackbird public urban bar,79,Calgary,Pub Food
blanco cantina,80,Calgary,Mexican
blaze pizza,93,Calgary,Italian
blind beggar smokehouse,72,Calgary,Pub Food
blowers & grafton - creekside,85,Calgary,Pub Food
blowers & grafton - mission,90,Calgary,Pub Food
blowfish sushi lounge,80,Calgary,Japanese
blue nile,80,Calgary,Ethiopian
blue ocean vietnamese restaurant,99,Calgary,Vietnamese
blue river bistro,80,Calgary,Fast Food
boardwalk burgers,72,Calgary,"Fast Food, Pub Food"
boardwalk fries burgers shakes,67,Calgary,"Fast Food, Pub Food"
bobby chao's,77,Calgary,"Vietnamese, Chinese"
bocce pizzeria & bar,80,Calgary,Italian
boddums up pub,84,Calgary,Pub Food
bodega,88,Calgary,Mexican
bollywood spice fusion indian kitchen and bar,80,Calgary,Indian
bolsa vietnamese,96,Calgary,Vietnamese
bombay bakery & sweets,94,Calgary,Indian
bombay chowpatty,81,Calgary,Indian
bombay curry,80,Calgary,"Fast Food, Indian"
bombay spice restaurant,80,Calgary,Indian
bombay spice restaurant - just eat,75,Calgary,Indian
bombay spices,82,Calgary,Indian
bombay sweet house,80,Calgary,Indian
bon-ga korean restaurant,75,Calgary,Korean
bonasera pizza & sports bar,97,Calgary,"Pub Food, Italian"
bonasera pizza restaurant,97,Calgary,Italian
bonavista peking house,97,Calgary,Chinese
bootlegger's sports bar & karaoke lounge,95,Calgary,Pub Food
border crossing,86,Calgary,"Fast Food, Pub Food"
bori korean restaurant,90,Calgary,"Korean, Japanese"
borobudur resto,80,Calgary,Korean
boss is very busy restaurant,80,Calgary,Chinese
boston pizza,95,Calgary,"Pub Food, Italian"
bottlehouse pub & eatery,82,Calgary,Pub Food
bottlescrew bill's pub,79,Calgary,Pub Food
bow river vietnamese restaurant,96,Calgary,Vietnamese
bowness convenience,88,Calgary,Convenience
bowness pub,80,Calgary,Pub Food
boxcar cafe,80,Calgary,Pub Food
boxer's chicken,93,Calgary,Fast Food
bravo restaurant,100,Calgary,Mexican
breizh bistrot,80,Calgary,French
brewsters brewing company,75,Calgary,Pub Food
brickwell taphouse,82,Calgary,Pub Food
bridgeland shawarma,93,Calgary,Mediterranean
briggs kitchen and bar,72,Calgary,Pub Food
broaster chicken,98,Calgary,Pub Food
broken plate greek restaurant yyc,99,Calgary,Mediterranean
brother's pizza and donair,80,Calgary,Fast Food
brother's taste of asia,99,Calgary,Chinese
brothers kitchen,81,Calgary,Ethiopian
browns socialhouse,96,Calgary,Pub Food
bubble sushi,80,Calgary,Japanese
buddha's veggie,82,Calgary,Chinese
buffalo bob's,96,Calgary,Pub Food
buffet yangtze,80,Calgary,Chinese
bull & finch pub,80,Calgary,Pub Food
bun + burger,89,Calgary,Pub Food
bun mee vietnamese subs,75,Calgary,Vietnamese
buon giorno ristorante italiano,67,Calgary,Italian
burger king,81,Calgary,Fast Food
burnin bird,73,Calgary,Fast Food
burrito bowl,72,Calgary,Mexican
bushmills irish pub,80,Calgary,Pub Food
buster's pizza & donair,84,Calgary,"Pub Food, Italian"
butter chicken house,72,Calgary,Indian
butter chicken hut,95,Calgary,Indian
butter chicken hut and indian cuisine,99,Calgary,"Indian, Mediterranean, Pub Food, Fast Food, Italian"
bình vietnamese restaurant,92,Calgary,Vietnamese
c.b. drive inn,94,Calgary,"Fast Food, Pub Food"
ca'puccini pizza,78,Calgary,Italian
cabeza grande bridgeland,89,Calgary,Mexican
cafe 100%,97,Calgary,Chinese
cafe med,94,Calgary,"Middle Eastern, Mediterranean"
cafe med restaurant & shisha lounge,93,Calgary,Middle Eastern
cafe momoko korean restaurant,78,Calgary,Korean
calan beef noodle,85,Calgary,Fast Food
calavera cantina,83,Calgary,Mexican
calcutta cricket club,81,Calgary,Indian
calgary court restaurant,79,Calgary,Chinese
calgary hot plate restaurant,80,Calgary,Indian
calgary momo house,74,Calgary,Chinese
calgary shawarma,94,Calgary,Mediterranean
calgary shawarma restaurant,78,Calgary,"Middle Eastern, Mediterranean"
california thai,92,Calgary,"Thai, Vietnamese"
caltons chinese restaurant,91,Calgary,"Thai, Chinese"
calypso's taverna,78,Calgary,Mediterranean
canadian pizza & halal unit,80,Calgary,Fast Food
canadian pizza unlimited,92,Calgary,"Fast Food, Italian"
canadian pizza unlimited - abbeydale,80,Calgary,"Fast Food, Italian, Indian"
canadian pizza unlimited and fritou,92,Calgary,Pub Food
canco,72,Calgary,Convenience
canelos ice cream,80,Calgary,Mexican
canterra cafe,80,Calgary,Chinese
canyon meadows cinemas,90,Calgary,Fast Food
caodu,80,Calgary,Chinese
captain's sports lounge and grill,87,Calgary,Pub Food
cardinale,82,Calgary,Italian
caribbean choice food,81,Calgary,Caribbean
carino,72,Calgary,Italian
carl's jr.,99,Calgary,Fast Food
carl's jr. - dnu,91,Calgary,Fast Food
carmine's pizzeria,100,Calgary,"Fast Food, Italian"
carnitas el patron,75,Calgary,Mexican
cat n fiddle pub,80,Calgary,"Fast Food, Pub Food"
catalina pizza & chicken,83,Calgary,Italian
cattlebaron steakhouse - royal oak,99,Calgary,Mediterranean
cedars deli,91,Calgary,"Middle Eastern, Mediterranean"
ceili's,80,Calgary,"Pub Food, Mexican"
centex go market,80,Calgary,Convenience
centini restaurant & lounge,80,Calgary,Italian
central grand restaurant,98,Calgary,Chinese
centre one,80,Calgary,Chinese
centre point grocery,75,Calgary,Convenience
centre street japanese hot pot,72,Calgary,Japanese
centre street japanese hotpot,80,Calgary,Japanese
century casino calgary,75,Calgary,Pub Food
cha cha's cafe and restaurant,80,Calgary,"African, Indian"
chachi's,92,Calgary,Fast Food
chai pani,93,Calgary,Indian
chai pani chestermere,80,Calgary,Indian
charbar,90,Calgary,Spanish
charcuterie vegan deli,73,Calgary,Italian
chat house,92,Calgary,Indian
chatkhara,80,Calgary,Indian
cheezy tales,92,Calgary,Korean
chef tian restaurant,80,Calgary,Chinese
chen's dumplings,80,Calgary,Vietnamese
chennai dosai,80,Calgary,Indian
chennai spices,86,Calgary,Indian
cheung's kitchen,80,Calgary,Chinese
chewgurt yummy,93,Calgary,Chinese
chi lan vietnamese restaurant,86,Calgary,Vietnamese
chiang mai thai food,72,Calgary,"Thai, Chinese"
chianti cafe,85,Calgary,Italian
chianti cafe & restaurant,91,Calgary,Italian
chicago deep dish pizza,97,Calgary,"Fast Food, Italian"
chicken family,93,Calgary,Korean
chicken haus,80,Calgary,Korean
chicken heroes,93,Calgary,Fast Food
chicken khurana,74,Calgary,Indian
chicken louie,93,Calgary,Pub Food
chicking.yyc ramen shop,91,Calgary,Chinese
chicko chicken,97,Calgary,Pub Food
chickzy,91,Calgary,Fast Food
chili club thai house,90,Calgary,Thai
chili garden chinese and thai,67,Calgary,"Thai, Chinese"
chili island,98,Calgary,"Thai, Chinese"
chilitos taberna mexicana,94,Calgary,Mexican
chilitos taqueria,93,Calgary,Mexican
chimac restaurant,75,Calgary,Korean
china palace restaurant,87,Calgary,Chinese
china rose,82,Calgary,Chinese
china taste,72,Calgary,Chinese
chine hot pot & noodles,83,Calgary,"Thai, Korean, Vietnamese, Chinese"
chinese cultural centre cuisine,94,Calgary,Chinese
chinese takeout 25,81,Calgary,Chinese
chinese village restaurant,80,Calgary,Chinese
cho's sushi,91,Calgary,Japanese
choice's,80,Calgary,Vietnamese
choices crowfoot,76,Calgary,Vietnamese
chorizo fresh mex,87,Calgary,"Latin American, Mexican"
christos greek,80,Calgary,Mediterranean
chuck n shoulder,72,Calgary,Fast Food
churro burger,93,Calgary,Pub Food
cibo,89,Calgary,Italian
cilantro,75,Calgary,Italian
cineplex - scotiabank theatre,73,Calgary,Fast Food
cineplex - silvercity cinemas,90,Calgary,Fast Food
cineplex cinemas,96,Calgary,Fast Food
cineplex vip cinemas,88,Calgary,Fast Food
cinnamon indian cuisine and bar,80,Calgary,Indian
circle k,74,Calgary,Convenience
citizen brewing company - restaurant,87,Calgary,Pub Food
city pub calgary,98,Calgary,Pub Food
classy pizza 786,85,Calgary,"Fast Food, Middle Eastern, Indian"
clay oven,92,Calgary,Indian
clay oven calgary,82,Calgary,Indian
clay pot asian food kitchen,92,Calgary,Chinese
clay pot rice,93,Calgary,Chinese
clive burger,80,Calgary,"Fast Food, Pub Food"
clubhouse family restaurant,80,Calgary,"Fast Food, Korean"
co do vietnamese,97,Calgary,Vietnamese
coco fresh tea juice,97,Calgary,Chinese
coco's ice cream,80,Calgary,Thai
conmi taco,82,Calgary,Mexican
connie and john's italian,80,Calgary,Italian
copper branch,88,Calgary,Mediterranean
cordial convenience,88,Calgary,"Fast Food, Convenience"
costa vida,92,Calgary,Mexican
cotto italian comfort food,80,Calgary,Italian
cowboy's tap house pub,66,Calgary,"Pub Food, Italian"
craft beer market,84,Calgary,Pub Food
cravings market restaurant,83,Calgary,Italian
crepe delicious,96,Calgary,French
creteus greek food,80,Calgary,Mediterranean
crispy crust pizzeria,98,Calgary,Italian
cristy's rotisserie chicken,97,Calgary,Pub Food
crowfoot thai,86,Calgary,Thai
crunchy house,90,Calgary,"Korean, Vietnamese"
cubano's,80,Calgary,Latin American
cucina,72,Calgary,Italian
curry & biryani house,80,Calgary,Indian
curry box by indian cloud kitchens,80,Calgary,Indian
curry craft,95,Calgary,Indian
curry n crust,94,Calgary,"Indian, Mediterranean"
curry n crust east indian cuisine,92,Calgary,Indian
curry night,92,Calgary,Indian
curry queens,80,Calgary,Indian
cuty restaurant - asian street food,72,Calgary,Vietnamese
cuty vietnamese kitchen,84,Calgary,"Pub Food, Vietnamese"
d2ue kitchen and chocolate bar,75,Calgary,Middle Eastern
daddy's kitchen,80,Calgary,Mexican
dagu rice noodle,93,Calgary,Chinese
dairy queen,86,Calgary,Fast Food
damas cafe,74,Calgary,Mediterranean
damascus,97,Calgary,"Middle Eastern, Mediterranean"
dark table restaurant,80,Calgary,Middle Eastern
darwin's charcoal bbq chicken,83,Calgary,Filipino
dba centex airways,80,Calgary,Convenience
dba one stop convenience,80,Calgary,Convenience
dc groceries - indian grocery store,85,Calgary,"Convenience, Indian"
dc pizza,81,Calgary,"Fast Food, Indian"
dc pizza bistro,90,Calgary,"Middle Eastern, Indian"
de minico's,75,Calgary,"Fast Food, Italian"
de thai cuisine,99,Calgary,"Thai, Chinese"
deep & square pizza,82,Calgary,Italian
deep fried master,80,Calgary,Chinese
deepak's dhaba,92,Calgary,Indian
delhi belly,81,Calgary,Indian
delhi express,74,Calgary,"Indian, Chinese"
delice curry house,80,Calgary,"Middle Eastern, Indian"
delicious thai - just eat,75,Calgary,Thai
delicious thai restaurant,91,Calgary,Thai
dell cafe,96,Calgary,Chinese
demetris pizza,93,Calgary,Italian
desi junction,92,Calgary,Indian
dickens pub,80,Calgary,Pub Food
divine meals,80,Calgary,African
diwan arabian cuisine and lounge,89,Calgary,Middle Eastern
dixon's public house,85,Calgary,"Pub Food, Italian"
dl eats,87,Calgary,Chinese
dnc - lac viet vietnamese restaurant,97,Calgary,Vietnamese
doaba meat shop & take-out restaurant,96,Calgary,Indian
dog & duck public house & restaurant,80,Calgary,Pub Food
dollar plus convenience store,80,Calgary,Convenience
don's restaurant,91,Calgary,"Vietnamese, Chinese"
donair choices cafe halal,80,Calgary,"Middle Eastern, Vietnamese"
donair grill,83,Calgary,"Fast Food, Middle Eastern, Mediterranean"
donair hut,80,Calgary,"Middle Eastern, Mediterranean"
donair palace,80,Calgary,"Fast Food, Middle Eastern, Mediterranean"
donair station,75,Calgary,"Middle Eastern, Mediterranean"
donburi japanese cuisine,94,Calgary,Japanese
dong phuong,80,Calgary,Chinese
dosa garden,85,Calgary,Indian
dosirak,100,Calgary,"Thai, Chinese"
dostana calgary,80,Calgary,Indian
doughlicious,94,Calgary,Middle Eastern
doughlicious bakery,80,Calgary,"Fast Food, Mediterranean"
douglas peking express,96,Calgary,Chinese
dover pizza steak house & lounge,81,Calgary,"Middle Eastern, Indian, Mediterranean"
dragon boat authentic vietnamese & street food restaurant,79,Calgary,Vietnamese
dragon dynasty chinese restaurant,86,Calgary,Chinese
dragon garden,91,Calgary,"Fast Food, Chinese"
dragon gate restaurant,89,Calgary,Chinese
dragon pearl restaurant,100,Calgary,Chinese
dragon's lair burger co.,93,Calgary,Mexican
dreamery,80,Calgary,Japanese
dublin calling,75,Calgary,Pub Food
dumka indian cuisine,78,Calgary,Indian
dutton's at scotiabank saddledome,80,Calgary,Pub Food
earl of sandwich,96,Calgary,Fast Food
east african store,80,Calgary,African
east indian restaurant,80,Calgary,"Fast Food, Indian"
east side mario's,86,Calgary,Italian
eastern fortune restaurant,87,Calgary,Chinese
eastern treasures,81,Calgary,Chinese
eastside banh mi,80,Calgary,Vietnamese
eat - eighth avenue trattoria,93,Calgary,Italian
eat at will,80,Calgary,Indian
eat-a-pita,92,Calgary,Middle Eastern
eatcrow snack bar,82,Calgary,Pub Food
eats of asia,80,Calgary,Korean
ec fusion + lounge,80,Calgary,"African, Ethiopian"
ed's restaurant,80,Calgary,Pub Food
edo japan,95,Calgary,Japanese
el charrito taqueria,82,Calgary,"Fast Food, Mexican"
el greco market cafe,77,Calgary,Mediterranean
el padrino restaurant,85,Calgary,Mexican
el rouhaa pita bakery,80,Calgary,Middle Eastern
emerald garden peking & seafood,93,Calgary,Chinese
emerald palace,87,Calgary,Chinese
empire cafe & lounge,80,Calgary,Mediterranean
empress palace restaurant & buffet,88,Calgary,Chinese
enjoy house chinese,16,Calgary,Chinese
espresso cafe,72,Calgary,French
essence of saigon-chinook|express-vietnamese pho restaurant,91,Calgary,Vietnamese
essence of saigon-northland|bistro-vietnamese pho restaurant,98,Calgary,Vietnamese
etaspice,80,Calgary,African
expatasia,93,Calgary,Indian
extreme pita,80,Calgary,Fast Food
f.s.w chou restaurant,75,Calgary,Chinese
fabs convenience store,80,Calgary,Convenience
fairmont grill,80,Calgary,"Middle Eastern, Mediterranean"
faisal kabab hut,88,Calgary,Indian
family convenience store,85,Calgary,Convenience
famoso,90,Calgary,Italian
famous wok,91,Calgary,Chinese
fancy taste of china,87,Calgary,Chinese
far east foods,93,Calgary,Chinese
farooj king,80,Calgary,Mediterranean
fastlane pizza,99,Calgary,Fast Food
fatburger,95,Calgary,Fast Food
fatima karahi corner,87,Calgary,Indian
feast of india,96,Calgary,"Middle Eastern, Indian"
fergus & bix restaurant,95,Calgary,Pub Food
fiddler's courtyard,82,Calgary,Pub Food
fiesta market and restaurant,92,Calgary,Mexican
fionn maccool's,86,Calgary,Pub Food
fire n ice bar & sheesha lounge,77,Calgary,Mexican
first base sports bar,80,Calgary,Pub Food
fish and rice,80,Calgary,"Korean, Mexican"
five dollar drive in,80,Calgary,"Fast Food, Middle Eastern, Indian"
flame mountain bbq,76,Calgary,Chinese
flipp'n burgers,93,Calgary,Fast Food
flipp'n burgers and breakfast,80,Calgary,Fast Food
flirty bird nashville hot chicken,90,Calgary,Fast Food
flying bowl,80,Calgary,Korean
folabab's convenience,93,Calgary,Convenience
foo asian street food,80,Calgary,"Thai, Indian"
forbidden city dim sum and seafood,96,Calgary,Chinese
foreign concept,76,Calgary,Vietnamese
fortune one chinese restaurant,93,Calgary,Chinese
fradu cafe south african bbq,91,Calgary,African
fresh blend coffee and sandwich bar,80,Calgary,Korean
fresh selects deli,80,Calgary,"Fast Food, Korean"
"fresh-adilla, fresh tortilla",80,Calgary,Mexican
fresh-adilla/deerfoot cafe,97,Calgary,"Latin American, Mexican"
freshslice pizza,96,Calgary,Mediterranean
friend's pizza & pasta ltd,95,Calgary,Italian
friends ethiopian food,83,Calgary,"African, Ethiopian"
friends pizza,80,Calgary,"Italian, Indian"
fritou,79,Calgary,Fast Food
fritou chicken,83,Calgary,Pub Food
fritou chicken & khmer bbq,72,Calgary,Fast Food
fritou chicken & pizza,82,Calgary,Italian
fritou chicken and pizza forest lawn,75,Calgary,Fast Food
fritou chicken skyview,85,Calgary,"Fast Food, Indian"
frsh frys,91,Calgary,Pub Food
frutta gala,99,Calgary,Chinese
fryday poutine,80,Calgary,"Fast Food, Pub Food"
fuji ramen and sushi,92,Calgary,Japanese
fuji yama,82,Calgary,Japanese
full circle pizza and oyster bar,80,Calgary,Italian
fusion corner pizza & sandwiches,80,Calgary,Italian
fusion sushi,79,Calgary,Japanese
fusion sushi - just eat,75,Calgary,Chinese
fusion sushi 17 ave.,95,Calgary,Chinese
fuwa fuwa,80,Calgary,Japanese
fuwa fuwa japanese pancakes,94,Calgary,Japanese
g-mart,74,Calgary,Convenience
gachi,80,Calgary,Japanese
gaga pizzeria,82,Calgary,Italian
gagana ramen,90,Calgary,Japanese
gallaghers pub & eatery,88,Calgary,"Fast Food, Pub Food"
garcha bros meat shop & poultry,88,Calgary,Indian
garden of italy,89,Calgary,Italian
garrison pub & eatery,89,Calgary,Pub Food
gate of india,80,Calgary,Indian
gator's sports pub,98,Calgary,Pub Food
gaucho brazilian bbq,94,Calgary,Latin American
gaucho brazilian bbq - just eat,75,Calgary,Latin American
gaya sushi and ramen,77,Calgary,Japanese
gcp indian cuisine,96,Calgary,"Fast Food, Italian, Indian, Mediterranean"
gcp sage hill,82,Calgary,"Fast Food, Italian, Mediterranean"
geez ethiopian and eritrean cuisine inc.,85,Calgary,"African, Ethiopian"
george's beach club,80,Calgary,Vietnamese
german bavarian catering,80,Calgary,Fast Food
getta pizza,80,Calgary,"Fast Food, Italian"
getto boys burger and ribs,80,Calgary,Pub Food
ghost donair,82,Calgary,Mediterranean
gillz grill,80,Calgary,Indian
ginger beef bistro house,94,Calgary,Chinese
ginger beef express,89,Calgary,Chinese
ginger beef peking house,95,Calgary,Chinese
ginza sushi & grill japanese restaurant,74,Calgary,Japanese
glass restaurant,80,Calgary,Italian
globefish chinook,87,Calgary,Japanese
globefish japanese bistro,82,Calgary,Japanese
globefish sushi and izakaya,90,Calgary,Japanese
glory of india,82,Calgary,"Middle Eastern, Indian"
go-go kitchen,81,Calgary,"Middle Eastern, Indian"
go-go mediterranean,92,Calgary,Mediterranean
gogi korean bbq,89,Calgary,Korean
gogi korean kitchen,98,Calgary,Korean
goginara korean street bbq,80,Calgary,Korean
gogo chicken,99,Calgary,"Korean, Japanese"
gogo mediterranean,72,Calgary,Mediterranean
gojo takeout & bakery,92,Calgary,"African, Ethiopian"
gold bistro chinese restaurant,86,Calgary,Chinese
golden bell 17 ave. sw,95,Calgary,"Pub Food, Vietnamese"
golden bell bridgeland,97,Calgary,"Pub Food, Vietnamese"
golden bell saigon,82,Calgary,Vietnamese
golden bell vietnamese restaurant,97,Calgary,Vietnamese
golden cactus mexican grill,74,Calgary,"Pub Food, Mexican"
golden gate,97,Calgary,Chinese
golden happiness bakery,80,Calgary,Chinese
golden inn,74,Calgary,Chinese
golden joy express,80,Calgary,"Fast Food, Chinese"
golden moon chinese food,93,Calgary,Chinese
golden moon chinese food - just eat,75,Calgary,Chinese
golden national family restaurant,91,Calgary,Chinese
golden sands chinese seafood restaurant,82,Calgary,Chinese
golden top vietnamese,80,Calgary,Vietnamese
golden village,80,Calgary,Chinese
golden village restaurant,80,Calgary,Chinese
golden west,80,Calgary,Chinese
golden west restaurant,98,Calgary,Chinese
gondola incomparable pizza,100,Calgary,Fast Food
gondola incomparable pizza acadia,98,Calgary,Fast Food
gondola pizza,75,Calgary,Italian
gong kee bbq noodle house,94,Calgary,"Chinese, Vietnamese"
good bread retail,96,Calgary,Convenience
goro + gun,85,Calgary,Japanese
grace of india,84,Calgary,Indian
great canadian pizza & donair shawarma,98,Calgary,Fast Food
great canadian pizza and shawarma,98,Calgary,"Fast Food, Italian, Indian, Mediterranean"
great canadian pizza shawarma,80,Calgary,Fast Food
great canadian shawarma,80,Calgary,"Middle Eastern, Mediterranean"
great pizza and restaurant,80,Calgary,"Fast Food, Middle Eastern"
great pizza unlimited,80,Calgary,"Fast Food, Middle Eastern"
great taste,86,Calgary,"Japanese, Chinese"
great taste chinese cuisine,94,Calgary,Chinese
greco's pizza,97,Calgary,Fast Food
greek greek wraps and bowls,74,Calgary,Mediterranean
greek next door,93,Calgary,"Italian, Mediterranean"
greektown,80,Calgary,Mediterranean
green bottle kitchen & soju,93,Calgary,Korean
green chili,92,Calgary,Indian
green cilantro,72,Calgary,Vietnamese
greenfish,93,Calgary,Japanese
greenwich pizza,80,Calgary,Fast Food
greta global street food,93,Calgary,"Pub Food, Korean, Japanese"
grill city,80,Calgary,Fast Food
gringo street,91,Calgary,"Latin American, Mexican"
grumans catering and delicatessen,95,Calgary,Pub Food
gully st,72,Calgary,Indian
guru india,74,Calgary,"Indian, Chinese"
gusto italian,80,Calgary,Italian
gyu-kaku japanese bbq,90,Calgary,Japanese
h & j bistro,80,Calgary,Chinese
ha long bay vietnamese cuisine,80,Calgary,Vietnamese
ha long bay vietnamese cuisines,90,Calgary,Vietnamese
haandi indian cuisine,94,Calgary,Indian
habebe's,78,Calgary,"Middle Eastern, Mediterranean"
habesha ethiopian restaurant,93,Calgary,Ethiopian
habibi shawarma,80,Calgary,Mediterranean
halal biryani,80,Calgary,"Middle Eastern, Indian"
han corea,97,Calgary,Korean
han's restaurant,80,Calgary,Chinese
hana sushi,93,Calgary,Japanese
hanbo korean noodle,92,Calgary,Korean
hankki korean street food,99,Calgary,Korean
hankook chicken,99,Calgary,"Korean, Japanese"
hannah's kitchen,86,Calgary,Fast Food
hapa izakaya,80,Calgary,Japanese
hapa izakaya - just eat,75,Calgary,Japanese
happee peeps,90,Calgary,Filipino
happy lamb hot pot,82,Calgary,Chinese
happy veggie house,93,Calgary,"Thai, Chinese, Vietnamese"
harmony restaurant and bar,91,Calgary,"Pub Food, Mediterranean"
haru sushi & grill,80,Calgary,Japanese
haru sushi bar,91,Calgary,Japanese
harvest convenience,93,Calgary,Convenience
harvey's,83,Calgary,Fast Food
harvey's - just eat,75,Calgary,Fast Food
haveli sweets,80,Calgary,Indian
hayat shawarma,75,Calgary,"Middle Eastern, Mediterranean"
heart of saigon,82,Calgary,"Pub Food, Vietnamese"
hearts choices,72,Calgary,Thai
hearts choices cafe market,93,Calgary,Thai
hearts choices thai vegan cafe,82,Calgary,Thai
heaven artisan gf,95,Calgary,"Latin American, Thai, Mexican, Spanish, Italian"
heaven artisan gf - just eat,75,Calgary,"Thai, Italian"
hermanos peri peri,80,Calgary,Indian
hexter's pub,80,Calgary,Pub Food
hey! i am yogost,93,Calgary,Chinese
hi-ball restaurant,88,Calgary,Chinese
homey food,86,Calgary,"Thai, Vietnamese"
honest fast food,80,Calgary,"Fast Food, Indian"
hong an vietnamese cuisine,98,Calgary,"Fast Food, Vietnamese"
hong an vietnamese cuisine-dnu-,80,Calgary,Vietnamese
hong chou inn,89,Calgary,Chinese
hong kong garden restaurant,98,Calgary,Chinese
horizons bistro,80,Calgary,"Pub Food, Italian"
hot dawg street food,74,Calgary,Pub Food
hot million indian cuisine,86,Calgary,Indian
hot point fusion cafe,72,Calgary,"Thai, Korean, Japanese, Chinese"
hot wok cafe,81,Calgary,Chinese
hot wok express,81,Calgary,Chinese
house of eat and drink restaurant,93,Calgary,"Vietnamese, Chinese"
house of kabob,79,Calgary,Middle Eastern
house of mandi,93,Calgary,"Middle Eastern, Indian"
howie's pizza,95,Calgary,Fast Food
hudsons canada's pub,95,Calgary,Pub Food
hue thuong,87,Calgary,Vietnamese
hula poke,80,Calgary,Japanese
humpty's family restaurant,83,Calgary,Pub Food
hungers stop,100,Calgary,Pub Food
hurry curry,99,Calgary,Indian
hy's steakhouse & cocktail bar,86,Calgary,Mediterranean
hyderabad biryani indian restaurant,80,Calgary,Indian
hyderabad house,73,Calgary,Indian
hyderabadi kitchen,73,Calgary,Indian
ibaoza,93,Calgary,"Fast Food, Chinese"
ice cream & koo,80,Calgary,Fast Food
ichi rock japanese restaurant,86,Calgary,Japanese
ihop,74,Calgary,Pub Food
ikusa izakaya & tokyo market,99,Calgary,Japanese
il centro,89,Calgary,Italian
il forno fusion,79,Calgary,Pub Food
imperial dynasty restaurant,98,Calgary,Chinese
imperial shawarma,98,Calgary,Middle Eastern
incha,93,Calgary,Japanese
india palace restaurant & sweets,94,Calgary,Indian
india restaurant,93,Calgary,"Indian, Chinese"
indian accent - kitchen and bar,89,Calgary,"Indian, Chinese"
indian curry hut,94,Calgary,Indian
indian express yyc,80,Calgary,"Pub Food, Indian"
indian flavors,94,Calgary,Indian
indian kitchen,87,Calgary,Indian
indian kitchen strathcona,100,Calgary,Indian
indian kitchen vegetarian & vegan restaurant,93,Calgary,Indian
indian masala bistro,100,Calgary,"Fast Food, Indian"
indian ocean,86,Calgary,"Fast Food, Indian"
indian tales,84,Calgary,Indian
indian tavern kitchen & bar,84,Calgary,Indian
indian to go,80,Calgary,Indian
indie counterculture - legit indian street food & curry,100,Calgary,Indian
indique fine indian cuisine,97,Calgary,Indian
ins market (sunridge mall),79,Calgary,"Fast Food, Convenience"
insadong korean bbq restaurant,86,Calgary,"Korean, Chinese"
international kitchen,85,Calgary,"Middle Eastern, Mexican"
involtini ristorante,75,Calgary,Italian
ishtar restaurant,80,Calgary,"Middle Eastern, Indian"
istanbul doner,80,Calgary,Mediterranean
itoko sushi,96,Calgary,Japanese
iyycburg,83,Calgary,Fast Food
izumi kitchen & bar,98,Calgary,"Korean, Japanese"
jack astor's bar & grill,75,Calgary,Pub Food
jackie's thai,83,Calgary,Thai
jacqueline's bistro - calgary,80,Calgary,"Italian, Indian"
jade garden chinese restaurant,97,Calgary,Chinese
jaffa shawarma,75,Calgary,Middle Eastern
jaja cafe,82,Calgary,Ethiopian
jamesons irish pub,87,Calgary,Pub Food
jamesons pub,94,Calgary,Pub Food
jane bond bbq south,99,Calgary,Pub Food
japanese village,83,Calgary,Japanese
jasmine restaurant,80,Calgary,"Middle Eastern, Mediterranean"
"jesse's pizza, chicken, & empanadas",80,Calgary,Fast Food
jia jia asian street food & bar,94,Calgary,Vietnamese
jianghu asian food,80,Calgary,Chinese
jimmy's a&a mediterranean deli,90,Calgary,"Fast Food, Middle Eastern, Indian"
jinbar,90,Calgary,Korean
jinya ramen bar,91,Calgary,Japanese
jj's neighbourhood pub,80,Calgary,"Pub Food, Italian"
joey,78,Calgary,Pub Food
joey's fish shack,81,Calgary,Pub Food
joey's seafood restaurant,91,Calgary,Pub Food
john wong's chinese restaurant,94,Calgary,Chinese
jojo's wings,93,Calgary,"Fast Food, Chinese"
jolly good chinese and thai food,85,Calgary,"Fast Food, Thai, Chinese"
jon's pizza,91,Calgary,Fast Food
jordan valley shawarma,81,Calgary,Middle Eastern
jorge's burritos,91,Calgary,Mexican
joyce on 4th pub,94,Calgary,"Pub Food, Italian"
joycee's caribbean food,80,Calgary,Caribbean
jps indian bistro,79,Calgary,Indian
jsk indian restaurant,80,Calgary,"Middle Eastern, Indian, Chinese"
juk african & caribbean food store,78,Calgary,"African, Caribbean"
juliet's castle sports lounge,80,Calgary,"Fast Food, Italian"
jun katsu,97,Calgary,Japanese
"junction - food, stage, bar",80,Calgary,"Middle Eastern, Pub Food, Indian"
jusbubble cafe,89,Calgary,Convenience
jusbubble pot,80,Calgary,Japanese
jusfruit,96,Calgary,"Japanese, Chinese"
k street food,97,Calgary,"Korean, Japanese, Chinese"
k town fried chicken,95,Calgary,Korean
k&b noodle house,80,Calgary,"Chinese, Vietnamese"
k-one bubble tea and snacks,94,Calgary,Chinese
k-thi vietnamese cuisine,94,Calgary,Vietnamese
kabob fusion,95,Calgary,Indian
kabob garden - afghan kitchen,88,Calgary,"Middle Eastern, Indian"
kabul restaurant,80,Calgary,Middle Eastern
kaffir lime indonesia grill,80,Calgary,Thai
kain der yah,83,Calgary,Filipino
kala namak fine indian cuisine,82,Calgary,Fast Food
kalyna,92,Calgary,Convenience
kam han szechuan house,89,Calgary,Chinese
kangnam station,72,Calgary,"Korean, Japanese"
kanikas kitchen,94,Calgary,Indian
kanpai sushi on 8th,80,Calgary,Japanese
karma fine indian cuisine,95,Calgary,Indian
katsu 17,93,Calgary,Korean
kayf cafe,80,Calgary,Indian
ke charcoal grill & sushi,98,Calgary,Japanese
kebab king,80,Calgary,"Middle Eastern, Indian"
ken's chinese restaurant,96,Calgary,Chinese
kerby centre,74,Calgary,Fast Food
kfc,88,Calgary,Fast Food
kfs bbq smokehouse,98,Calgary,"Pub Food, African"
khan baba foods & pizza house,73,Calgary,Indian
khan's kitchen,80,Calgary,Middle Eastern
kilkenny irish pub,92,Calgary,"Pub Food, Italian"
kim anh vietnamese submarines,97,Calgary,Vietnamese
kim chi house,100,Calgary,Korean
kim lan,99,Calgary,Vietnamese
kim's 2 for 1 pizza,80,Calgary,Fast Food
kim's corn dog and chicken,93,Calgary,"Korean, Vietnamese"
kim's fried chicken,80,Calgary,Korean
kim's katsu,95,Calgary,Japanese
kims katsu and roll,93,Calgary,Japanese
kin's chinese food,88,Calgary,Chinese
king of shawarma,83,Calgary,"Fast Food, Indian"
king pizza house,95,Calgary,Italian
king's chinese food,95,Calgary,Chinese
king's head,80,Calgary,Pub Food
kingfisher seafood,93,Calgary,Japanese
kings kabob,80,Calgary,Indian
kings restaurant,74,Calgary,Chinese
kingwuu,80,Calgary,Chinese
kinjo express,73,Calgary,"Fast Food, Japanese"
kinjo sushi and grill,92,Calgary,Japanese
kirin sushi dimsum & buffet,80,Calgary,Japanese
kiro sushi,70,Calgary,Japanese
kiwa restaurant,93,Calgary,"Korean, Chinese"
knead pizza,83,Calgary,Fast Food
koji katsu,98,Calgary,Japanese
koko's restaurant and sports bar,75,Calgary,"Pub Food, Chinese"
kolachi bbq & grill,80,Calgary,Indian
kona poke,75,Calgary,Chinese
koob,82,Calgary,Fast Food
korean fried chicken,80,Calgary,Korean
kothu kadai take out & catering ltd,80,Calgary,Indian
koto sushi,82,Calgary,Japanese
koyla the charcoal,78,Calgary,Indian
krazy jerk,74,Calgary,Caribbean
kreta souvlaki,99,Calgary,"Fast Food, Mediterranean"
krispy chicken & fries,84,Calgary,Fast Food
krunch pizza,80,Calgary,Italian
kung fu restaurant,80,Calgary,"Fast Food, Chinese"
kurry up,82,Calgary,"Middle Eastern, Indian"
kuzina,80,Calgary,Mediterranean
kwality meat shop,80,Calgary,"Indian, Chinese"
kwality meat shop restaurant,91,Calgary,Indian
l'epicerie,80,Calgary,"French, Korean"
la brezza ristorante,92,Calgary,Italian
la cantina,80,Calgary,Italian
la casa latina,92,Calgary,"Pub Food, Mexican"
la cipolla d'oro,94,Calgary,Italian
la jawab indian & hakka chinese cuisine,91,Calgary,"Indian, Chinese"
la luna rossa,80,Calgary,Italian
la pino'z pizza,93,Calgary,Fast Food
la prep,80,Calgary,Fast Food
la trattoria,80,Calgary,"Italian, Mediterranean"
la viena,86,Calgary,Italian
la-zee-za pizza & pub,93,Calgary,Pub Food
lac viet vietnamese restaurant,97,Calgary,"Korean, Vietnamese"
lakeview corner cafe & sushi,80,Calgary,Japanese
las canarias,78,Calgary,Spanish
last best brewing & distilling,75,Calgary,Pub Food
last best brewing and distilling,94,Calgary,Pub Food
last straw ale house,87,Calgary,Pub Food
late night crave,72,Calgary,Pub Food
latin american empanadas ltd.,93,Calgary,"Spanish, Latin American"
latin food specialties,72,Calgary,Latin American
latin food specialties market and kitchen,93,Calgary,"Mediterranean, Mexican"
lava grill,82,Calgary,Middle Eastern
lava grill mediterranean cuisine,93,Calgary,"Pub Food, Mediterranean"
lava grill seton,96,Calgary,Middle Eastern
lazeez indian cuisine and sweets,84,Calgary,Indian
lazy monkey chinese food,96,Calgary,Chinese
ldv pizza bar,92,Calgary,Italian
le la vietnamese restaurant,87,Calgary,Vietnamese
le sizzlin',80,Calgary,Japanese
lebanhmi,76,Calgary,Vietnamese
legend 7 brewery,80,Calgary,Pub Food
lemon grass kitchen,90,Calgary,Thai
lemon n spice,80,Calgary,Indian
leo fu's szechwan & mandarin,95,Calgary,Chinese
leopold's tavern,84,Calgary,Pub Food
let's taco bout it,80,Calgary,Mexican
lets grill restaurant calgary,93,Calgary,Chinese
levilla restaurant,93,Calgary,French
li-ao sushi,98,Calgary,Japanese
liberty lounge,80,Calgary,"Italian, Indian, Mexican"
lighthouse indian kitchen,88,Calgary,Indian
lil empire annex,91,Calgary,Fast Food
lil empire bridgeland,98,Calgary,Fast Food
lil empire capitol hill,96,Calgary,Fast Food
lily vietnamese submarines,99,Calgary,Vietnamese
limericks traditional public house,78,Calgary,"Pub Food, Italian"
lina's italian mercato,86,Calgary,Fast Food
lina's italian supermercato,81,Calgary,Fast Food
liquor emporium,93,Calgary,Convenience
little caesars,85,Calgary,Fast Food
little city chinese food,95,Calgary,"Thai, Chinese"
little india,78,Calgary,Indian
little lebanon,98,Calgary,Mediterranean
little spice,89,Calgary,"Middle Eastern, Indian"
liyu restaurant,71,Calgary,Ethiopian
local 510 kitchen & public tavern,82,Calgary,Pub Food
local 522 public tavern & kitchen,82,Calgary,Pub Food
lolas cluck and oink,67,Calgary,Filipino
lorenzo's pizzeria & palliser diner,74,Calgary,"Italian, Mediterranean"
los chilitos taqueria,80,Calgary,Mexican
lotus deli,79,Calgary,Vietnamese
lotus fine indian cuisine,93,Calgary,Indian
lotus vietnamese noodle house,85,Calgary,Chinese
lounge central,80,Calgary,Pub Food
lounge eighteen,80,Calgary,Pub Food
lovely sweets & restaurant,86,Calgary,Middle Eastern
lovely sweets and restaurant,82,Calgary,Indian
lovely sweets street eats,82,Calgary,Indian
lovely's sweet house,90,Calgary,Indian
lunch box deli,77,Calgary,"Fast Food, Korean"
luubann restaurant,80,Calgary,African
luxor emporium & cafe,80,Calgary,Middle Eastern
luxor emporium cafe,75,Calgary,Middle Eastern
m & n pizza & restaurant,93,Calgary,"Fast Food, Italian"
m bistro,96,Calgary,"Chinese, Vietnamese"
m palace seafood & dim sum restaurant,80,Calgary,Chinese
macleods public house,91,Calgary,Pub Food
mad rose pub & restaurant,75,Calgary,Pub Food
made foods,80,Calgary,Japanese
madison's 1212,99,Calgary,Mexican
madison's restaurant & bar (beddington towne centre),89,Calgary,Pub Food
madras cafe,90,Calgary,Indian
madrose pub royal oak,75,Calgary,"Italian, Mediterranean"
magic bowl chinese eatery,72,Calgary,Chinese
magma pizza & more,98,Calgary,Fast Food
maharajah east indian restaurant,92,Calgary,Indian
mai's submarine & deli,75,Calgary,"Thai, Chinese, Vietnamese"
major spud & the kernel,75,Calgary,Pub Food
malabar cafe,80,Calgary,Indian
mama's butter chicken,78,Calgary,Indian
mamak dang malaysian fusion,93,Calgary,Thai
man vs fries,80,Calgary,Pub Food
man vs fries by reef kitchens,78,Calgary,"Fast Food, Pub Food"
manchuwok,95,Calgary,"Fast Food, Japanese, Chinese"
mango shiva,86,Calgary,Indian
manna korean cuisine,93,Calgary,Korean
manohar vegetarian bakery,71,Calgary,Indian
marcello's market and deli,72,Calgary,"Fast Food, Italian"
margo's kitchen,80,Calgary,Mediterranean
marhaba restaurant,93,Calgary,Indian
marina dosa & tandoori grill,80,Calgary,Indian
marina dosa and tandoori grill,74,Calgary,"Indian, Chinese"
markato convenience store,80,Calgary,"Fast Food, Convenience"
market restaurant,82,Calgary,Pub Food
marko's kitchen,93,Calgary,Mediterranean
mary brown's chicken,83,Calgary,Fast Food
mary brown's famous chicken & taters - just eat,75,Calgary,Fast Food
mary's old style deli,97,Calgary,Pub Food
masa sushi,93,Calgary,Japanese
masala art indian restaurant,88,Calgary,Indian
masala bhavan indian restaurant,91,Calgary,Indian
masala express,75,Calgary,Indian
masala hut,80,Calgary,Indian
masala mantra,80,Calgary,Indian
maurya fine east indian cuisine,80,Calgary,Indian
maximus pizza,80,Calgary,Fast Food
mazaj lounge & restaurant,75,Calgary,Mediterranean
mazaj mediterranean cuisine,80,Calgary,"Middle Eastern, Indian, Mediterranean"
mazaya,80,Calgary,"Middle Eastern, Mediterranean"
mcdonald's,85,Calgary,Fast Food
mckenzie meadows golf club,73,Calgary,Pub Food
meat & eat,79,Calgary,Mediterranean
mehfil curry & kebab,72,Calgary,Indian
mehfil curry and kebab,71,Calgary,Indian
melted grill,80,Calgary,Pub Food
menyatai japanese noodles,94,Calgary,Japanese
mercato,82,Calgary,"Fast Food, Italian"
meshi,80,Calgary,"Korean, Japanese"
mesob restaurant and bar,80,Calgary,Ethiopian
metro fairway sports lounge,89,Calgary,"Fast Food, Pub Food"
mexico city fresh food market,81,Calgary,Mexican
mexikan korner eatery,80,Calgary,Mexican
mi noodles,80,Calgary,Chinese
mia pasta,74,Calgary,Italian
mia pasta by reef kitchens,80,Calgary,Italian
midori japanese cafe,99,Calgary,"Korean, Japanese"
migarock,84,Calgary,Korean
mighty halifax style donair,90,Calgary,Mediterranean
mighty mango chinese restaurant,98,Calgary,Chinese
mikey's on 12th,73,Calgary,"Pub Food, Mexican"
mikey's taco shop,94,Calgary,Mexican
miku sushi,95,Calgary,Japanese
milestones grill + bar,88,Calgary,Pub Food
mimo restaurant,82,Calgary,Mediterranean
mina's vietnamese,79,Calgary,Vietnamese
ming asian kitchen,82,Calgary,"Pub Food, Thai, Chinese"
ming asian kitchen - just eat,75,Calgary,"Pub Food, Thai, Chinese"
minhas pizza brew,74,Calgary,Pub Food
mint leaf indian sweets and restaurant,84,Calgary,Indian
mio pizza,99,Calgary,"Pub Food, Italian"
miraj restaurant,93,Calgary,Indian
mirchi - just eat,75,Calgary,Indian
mirchi2go,82,Calgary,Indian
misai japa café,90,Calgary,"Korean, Japanese"
misai japanese - just eat,75,Calgary,Japanese
mister chen's asian brasserie,82,Calgary,"Korean, Japanese, Chinese"
mitillinis pizza & steak house,82,Calgary,Italian
mix grill shawarma,74,Calgary,"Middle Eastern, Indian"
mj's cuisine and convenience store,80,Calgary,Indian
mob cafe @ the asylum for art,93,Calgary,Pub Food
moe's halal street food,80,Calgary,Middle Eastern
mohave grill,72,Calgary,Mexican
mojo's pizza & donair - just eat,75,Calgary,"Fast Food, Middle Eastern, Italian"
molly malone's irish pub,80,Calgary,Pub Food
mom's place family restaurant,90,Calgary,Fast Food
momma jean's restaurant,99,Calgary,Fast Food
momo-yama sushi japanese cuisine,98,Calgary,Japanese
momoko sushi,93,Calgary,Japanese
monsoon izakaya,99,Calgary,Japanese
montana's bbq & bar,76,Calgary,Pub Food
montana's bbq & bar - just eat,75,Calgary,Pub Food
monte carlo,80,Calgary,Mexican
monza pizza,99,Calgary,"Middle Eastern, Italian"
moon korean bbq,98,Calgary,Korean
moon's kitchen restaurant,80,Calgary,"Korean, Japanese, Chinese"
more than subs viet kitchen,81,Calgary,Vietnamese
moroccan tent,75,Calgary,Mediterranean
mother's pizza,93,Calgary,Pub Food
moti mahal,92,Calgary,Indian
mount everest authentic nepalese and indian cuisine,82,Calgary,Indian
mount royal pita,74,Calgary,"Middle Eastern, Fast Food, Indian"
mozy cafe,80,Calgary,"Fast Food, Mediterranean"
mr. guo's cafe,80,Calgary,Chinese
mr. lu japanese street food,97,Calgary,Japanese
mr.schnapps restaurant & bar,88,Calgary,Pub Food
mr.sub,97,Calgary,Fast Food
ms. vanellis,99,Calgary,"Fast Food, Italian"
mugs pub,87,Calgary,"Pub Food, Italian"
mulligan's lounge,80,Calgary,Pub Food
mulligans restaurant,80,Calgary,Pub Food
mumbai bites,74,Calgary,Indian
mumbai bites inc,81,Calgary,Indian
mumbai bites inc.,85,Calgary,"Indian, Chinese"
munchies and smoke,85,Calgary,"Convenience, Japanese, Mexican"
murdoch's bar & grill,98,Calgary,Pub Food
mvp cafe and sports lounge,80,Calgary,Pub Food
my chicken & meat,92,Calgary,Korean
my donair,95,Calgary,Middle Eastern
my donair westbrook,94,Calgary,Middle Eastern
my little bistro,80,Calgary,Chinese
my little bistro venezuelan cuisine,75,Calgary,"Latin American, Caribbean, Mexican"
my party platter,80,Calgary,Indian
my vietnamese delight,80,Calgary,Vietnamese
mykonos street grill,80,Calgary,Mediterranean
mymy sub,97,Calgary,Vietnamese
naan stop grill and samosa factory,72,Calgary,Indian
naina's pizza,80,Calgary,Fast Food
nam vietnamese kitchen,65,Calgary,Vietnamese
namskar cuisine of india,95,Calgary,Indian
nan's noodle house,86,Calgary,"Chinese, Vietnamese"
nanta karaoke and bar,80,Calgary,Korean
nanum restaurant,93,Calgary,Korean
national on 8th,80,Calgary,Pub Food
native tongues taqueria,90,Calgary,Mexican
nem delight,80,Calgary,Vietnamese
new camp bar & table,79,Calgary,Pub Food
new dynasty buffet and bar,91,Calgary,Chinese
new green chilli grill,95,Calgary,Indian
new mission general store,74,Calgary,Convenience
new york fries,92,Calgary,"Fast Food, Pub Food"
newcastle pub,82,Calgary,Pub Food
nha trang vietnamese cuisine,97,Calgary,Vietnamese
night owl,98,Calgary,Vietnamese
niko's bistro,85,Calgary,Italian
niko's pizza,99,Calgary,Italian
nile cafe,80,Calgary,"Middle Eastern, African, Mediterranean"
nirvana,72,Calgary,Indian
nirvana restaurant,82,Calgary,"Indian, Chinese"
nixx pub,82,Calgary,Pub Food
no.1 chinese hamburger and spring rolls,80,Calgary,Chinese
nonna's italian kitchen,80,Calgary,Italian
nonno sq pies,78,Calgary,Italian
noodle & grill house,93,Calgary,Vietnamese
noodle king,80,Calgary,Vietnamese
noodle queen,80,Calgary,"Chinese, Vietnamese"
noodle world restaurant ltd.,97,Calgary,"Vietnamese, Chinese"
noodlebox,90,Calgary,Thai
norleys authentic colombian street food,92,Calgary,Fast Food
north haven convenience & grocery,93,Calgary,Convenience
not just curry,78,Calgary,Middle Eastern
nu:salmon,92,Calgary,"Korean, Japanese"
o'cup,80,Calgary,"Chinese, Vietnamese"
o-my kimbap & o-my snow,88,Calgary,Korean
oak tree tavern,75,Calgary,"Fast Food, Italian"
oakridge phoenix,100,Calgary,Chinese
ocho rios authentic caribbean cuisine,80,Calgary,Mexican
odd burger,94,Calgary,Mexican
oddball burrito -,98,Calgary,Mexican
odyssey pizza & steak house,80,Calgary,Italian
ogam korean chicken express,99,Calgary,Fast Food
ogam: chicken & korean restaurant,97,Calgary,Korean
oh my dog bbq,80,Calgary,Fast Food
oishidesu ramen shack,77,Calgary,Japanese
oishii sushi,74,Calgary,Japanese
oishii sushi & bento,98,Calgary,Japanese
oj poke & grill,88,Calgary,"Latin American, Korean"
ola poke,98,Calgary,"Japanese, Indian"
old bratwurst wagon,80,Calgary,Fast Food
olea restaurant,83,Calgary,Italian
olive chicken,96,Calgary,"Fast Food, Chinese"
olive grove,80,Calgary,Fast Food
olive grove midnapore,82,Calgary,Italian
olive grove pizzeria,99,Calgary,Italian
om cuisine of india,96,Calgary,Indian
omo teppan and kitchen,78,Calgary,Japanese
on the run,77,Calgary,Convenience
one night stan's,75,Calgary,Pub Food
one stop convenience,82,Calgary,Convenience
one stop convenience and grocery store,72,Calgary,Convenience
onigirazu,80,Calgary,Japanese
ono poke co,91,Calgary,Korean
ookini ramen,77,Calgary,Japanese
op to go,80,Calgary,Vietnamese
opa!,80,Calgary,Mediterranean
oriental dumplings,80,Calgary,Chinese
oriental grill vietnamese cuisine,98,Calgary,Vietnamese
oriental palace,81,Calgary,Chinese
oriental phoenix,100,Calgary,Vietnamese
oriental wok,77,Calgary,Chinese
original sweets & catering,74,Calgary,Indian
oro azul,80,Calgary,Mexican
osaka sushi by mr.lu,93,Calgary,Japanese
osmow's,84,Calgary,"Middle Eastern, Mediterranean"
osteria chef's table,82,Calgary,Italian
otk noodle house,80,Calgary,Vietnamese
oven flames pizza,99,Calgary,Indian
owens landing,82,Calgary,Pub Food
pacini,83,Calgary,Italian
pad thai,96,Calgary,Thai
palace pizza & donair,80,Calgary,"Pub Food, Indian"
panago pizza,96,Calgary,"Italian, Mediterranean"
pangaea pizza,98,Calgary,Fast Food
papa nikolas pizza,98,Calgary,Italian
papa shunde chinese restaurant,82,Calgary,Chinese
papito's chicken,80,Calgary,"Middle Eastern, Indian"
papito's chicken - dnu2,80,Calgary,Indian
paradise biryani yyc,80,Calgary,Indian
parm,80,Calgary,Italian
partners pub & grill,84,Calgary,Pub Food
pat's place,80,Calgary,Fast Food
pathway burgers & momos,99,Calgary,Fast Food
pattyshack burgers & fries,83,Calgary,Fast Food
pazzi pizzeria,93,Calgary,Italian
peak pizza,80,Calgary,Fast Food
pearl express,90,Calgary,Chinese
pebble street,92,Calgary,Chinese
peerless pearl tea shop calgary inc.,80,Calgary,Chinese
peking dragon,82,Calgary,Chinese
peking dragon restaurant,96,Calgary,Chinese
peking garden,97,Calgary,Chinese
peking house 98,80,Calgary,Chinese
penny black,88,Calgary,Pub Food
pepe's perogies,71,Calgary,Pub Food
peppino 17th,99,Calgary,"Fast Food, Italian"
peppino's mahogany,99,Calgary,Mediterranean
petra shawarma,91,Calgary,Mediterranean
petro-canada,84,Calgary,Convenience
pha le restaurant,76,Calgary,Vietnamese
phi nhung vietnamese pho+cuisine,97,Calgary,Vietnamese
phil's on 11th,79,Calgary,Pub Food
philly fred,89,Calgary,Pub Food
pho 26,86,Calgary,Vietnamese
pho 501 vietnamese,96,Calgary,Vietnamese
pho 88 noodle house,86,Calgary,Vietnamese
pho anh,93,Calgary,Vietnamese
pho anh huyen noodle house,82,Calgary,"Vietnamese, Chinese"
pho binh minh,77,Calgary,Vietnamese
pho chu the,91,Calgary,Vietnamese
pho city,96,Calgary,"Korean, Chinese, Vietnamese"
pho daddy,95,Calgary,Vietnamese
pho dau bo,70,Calgary,Vietnamese
pho duy thanh,80,Calgary,Vietnamese
pho express,97,Calgary,Vietnamese
pho ha,95,Calgary,Korean
pho han vietnamese noodle house,73,Calgary,"Thai, Vietnamese"
pho hao,79,Calgary,Vietnamese
pho hoa vietnamese noodle house,92,Calgary,Vietnamese
pho hoan pasteur,82,Calgary,Vietnamese
pho hoan pasteur township,96,Calgary,Vietnamese
pho hoan restaurant,94,Calgary,"Pub Food, Vietnamese"
pho houz vietnamese kitchen,93,Calgary,Vietnamese
pho huong viet,95,Calgary,Vietnamese
pho huong viet 2nd location - pho mr. q,93,Calgary,Vietnamese
pho kim,82,Calgary,Vietnamese
pho kim restaurant,99,Calgary,"Korean, Chinese"
pho li vietnamese cuisine,80,Calgary,Vietnamese
pho lyn,80,Calgary,Vietnamese
pho mai thy,97,Calgary,Vietnamese
pho master,80,Calgary,Vietnamese
pho nam vietnamese cuisine,92,Calgary,Vietnamese
pho pham,89,Calgary,Vietnamese
pho phu huong,82,Calgary,Vietnamese
pho phuong vi noodle house,82,Calgary,Vietnamese
pho phuong vietnamese cuisine,83,Calgary,Vietnamese
pho rang dong,92,Calgary,Vietnamese
pho sate,95,Calgary,Vietnamese
pho so 1,80,Calgary,Vietnamese
pho thanh nga,94,Calgary,Vietnamese
pho thanh vietnamese noodle house,87,Calgary,Vietnamese
pho time,96,Calgary,"Thai, Korean, Vietnamese, Chinese"
pho tina vietnamese restaurant,85,Calgary,Thai
pho uncle ten,93,Calgary,Vietnamese
pho v vietnamese cuisine,73,Calgary,Vietnamese
pho van,97,Calgary,Vietnamese
pho vietnamese noodle soup,76,Calgary,Vietnamese
pho vietnamese village,99,Calgary,Vietnamese
pho vy,80,Calgary,Vietnamese
pho x.o,97,Calgary,Vietnamese
pho xinh xinh,80,Calgary,Vietnamese
pho yyc,94,Calgary,Vietnamese
phoenix grill,75,Calgary,Italian
phoenix kitchen,90,Calgary,Chinese
phu quy restaurant,83,Calgary,Vietnamese
pie stories,80,Calgary,Pub Food
pink pearl chinese restaurant,99,Calgary,Chinese
pita corner,82,Calgary,Middle Eastern
pita grill,98,Calgary,"Middle Eastern, Mediterranean"
pita stop,72,Calgary,Mediterranean
pizza & tandoori flavours,80,Calgary,Indian
pizza 22 & ribs,81,Calgary,"Pub Food, Italian"
pizza 36,80,Calgary,"Indian, Mediterranean"
pizza 73,80,Calgary,"Fast Food, Pub Food"
pizza bank,98,Calgary,Italian
pizza bob's,80,Calgary,Italian
pizza box,84,Calgary,Italian
pizza culture,88,Calgary,Italian
pizza depot & shawarma depot,93,Calgary,Middle Eastern
pizza italiano,96,Calgary,Fast Food
pizza italiano - late night,80,Calgary,Fast Food
pizza on the fly,75,Calgary,Italian
pizza panorama,67,Calgary,Fast Food
pizza wow!,80,Calgary,"Fast Food, Pub Food"
pizzeria all?angolo,80,Calgary,Italian
pizzorama,72,Calgary,Italian
plaka greek taverna,68,Calgary,"Pub Food, Mediterranean"
plato restaurant,80,Calgary,"Italian, Mediterranean"
platterz,80,Calgary,Indian
pocket holic,97,Calgary,Japanese
point sushi - bullet train sushi bar,99,Calgary,Japanese
ponshu,86,Calgary,Japanese
pop'n pizza,72,Calgary,Indian
pop's taphouse,80,Calgary,Pub Food
popeyes louisiana kitchen,85,Calgary,Fast Food
popular pizza,83,Calgary,Italian
potato corner,68,Calgary,Fast Food
poutinarama,80,Calgary,Fast Food
poutine house and burgers,80,Calgary,Pub Food
poutini's,99,Calgary,Pub Food
pow pizza brentwood,82,Calgary,Italian
pow pizza renfrew,78,Calgary,Italian
prairie donair,97,Calgary,Middle Eastern
prairie donair west calgary,98,Calgary,Middle Eastern
pranzo italiano,80,Calgary,Italian
prestige worldfry,80,Calgary,"Fast Food, Pub Food"
presto pizza,94,Calgary,Italian
prestopie pizzeria,99,Calgary,"Fast Food, Italian"
prime tandoori house & pizza,80,Calgary,Fast Food
primo yyc pizza & pasta,100,Calgary,Italian
pudina indian restaurant,93,Calgary,Indian
pulcinella,86,Calgary,Italian
pulcinella americano,80,Calgary,Italian
punjaabi indian cuisine,84,Calgary,Indian
punjabi chaap corner,82,Calgary,Indian
punjabi chulha,88,Calgary,Indian
punjabi chulha restaurant & sweets redstone skyview,93,Calgary,Indian
punjabi dhaba restaurant & sweets,74,Calgary,Indian
punjabi spice kitchen,100,Calgary,Indian
punjabi sweet house & restaurant,90,Calgary,Indian
pure casino calgary,75,Calgary,Italian
pure contemporary vietnamese kitchen + bar,69,Calgary,Vietnamese
pure street food,86,Calgary,Vietnamese
puspa,75,Calgary,Indian
puspa restaurant,94,Calgary,Indian
pza parlour,92,Calgary,"Fast Food, Italian"
q.kitchen food inc.,72,Calgary,Indian
qila organic restaurant,74,Calgary,Indian
quechivo salvadoran street food,100,Calgary,Mexican
quesada burritos & tacos,91,Calgary,"Fast Food, Mexican"
quesada burritos & tacos - just eat,75,Calgary,"Fast Food, Mexican"
quiznos,67,Calgary,Fast Food
quynh vietnamese cuisine,99,Calgary,Vietnamese
raj palace,99,Calgary,Indian
raj palace restaurant,91,Calgary,Indian
raja foods,81,Calgary,Indian
raja foods east indian & pakistani restaurant,80,Calgary,"Middle Eastern, Indian"
raja foods marlborough,84,Calgary,"Middle Eastern, Indian"
raja's grill,82,Calgary,Indian
rajbhog,80,Calgary,"Indian, Chinese"
rajdoot restaurant,85,Calgary,Indian
rajdoot restaurant - just eat,75,Calgary,Indian
rajput catering and restaurant,76,Calgary,"Middle Eastern, Fast Food, Indian"
ram cross,72,Calgary,"Fast Food, Pub Food"
ramadan catering & take out restaurant,93,Calgary,"Middle Eastern, Indian"
rasoi,80,Calgary,"Indian, Chinese"
rasoi east indian hakka cuisine,71,Calgary,Indian
rasoi east indian restaurant,94,Calgary,Indian
rau bistro,80,Calgary,Vietnamese
rau bistro: vietnamese street food,88,Calgary,"Fast Food, Vietnamese"
raw bar,75,Calgary,"Korean, Vietnamese"
re:grub beltline,93,Calgary,Pub Food
re:grub deerfoot,83,Calgary,Pub Food
rea's italian cucina,85,Calgary,Italian
rebel wings,80,Calgary,"Fast Food, Pub Food"
rebel wings by reef kitchens,84,Calgary,Fast Food
red crowns pub,91,Calgary,Pub Food
red ember japanese cuisine,72,Calgary,Japanese
red olive bistro & catering,80,Calgary,Italian
red rock bar & grill,95,Calgary,Pub Food
red rock pizza express,96,Calgary,Italian
red sea convenience store and halal meat,72,Calgary,Convenience
red swan pizza,90,Calgary,"Pub Food, Italian"
red top pizza - detroit style,91,Calgary,Fast Food
red's diner on 4th,79,Calgary,Pub Food
redwater rustic grille,75,Calgary,Pub Food
regal beagle pub,83,Calgary,Pub Food
regency palace,87,Calgary,Chinese
renaissance on 11th,82,Calgary,Italian
rendezvous,100,Calgary,Korean
restaurant at the lougheed house,80,Calgary,French
ric's lounge & grill,72,Calgary,"Pub Food, Mediterranean"
ricardo's latín corner restaurant,80,Calgary,"Fast Food, Mexican"
rice for king,91,Calgary,Vietnamese
rice table korean kitchen,82,Calgary,Korean
richmond's pub & eatery,91,Calgary,Pub Food
ricky ticky tacos,93,Calgary,"Fast Food, Mexican"
rio bar & grill,80,Calgary,Pub Food
rio pizza,100,Calgary,Italian
rip's pub & eatery,80,Calgary,Pub Food
ripe tomato pizza,75,Calgary,Italian
ripe tomato pizza bar,93,Calgary,Italian
ripe tomato pizza marda loop,96,Calgary,"Italian, Mediterranean"
ritage restaurant,72,Calgary,Middle Eastern
roadside pub,80,Calgary,Pub Food
robin's donuts,93,Calgary,Fast Food
rocky's italian,91,Calgary,Italian
roku japanese restaurant,75,Calgary,Japanese
roma italian restaurant,80,Calgary,"Italian, Mediterranean"
roma's pizzeria,73,Calgary,Fast Food
romano's pizzeria,72,Calgary,Italian
roosevelt,80,Calgary,Pub Food
rose and crown pub,80,Calgary,"Fast Food, Pub Food"
rose garden thai restaurant,95,Calgary,Thai
roti hut,89,Calgary,Indian
roy's korean kitchen,81,Calgary,Korean
royal bites indian cuisine,98,Calgary,Indian
royal canadian pizza,99,Calgary,Middle Eastern
royal ganesha,80,Calgary,Indian
royal ganesha - lunch,80,Calgary,Indian
royal india,97,Calgary,Indian
royal mango shivaa,84,Calgary,"Middle Eastern, Indian, Chinese"
royal paan,93,Calgary,Indian
royal pizza,98,Calgary,Italian
royal pizza signal hill,91,Calgary,Italian
royale,79,Calgary,"French, Mediterranean"
ruby queen restaurant,67,Calgary,Chinese
ruby thai kitchen,75,Calgary,Thai
ryuko - japanese kitchen + bar,81,Calgary,Japanese
saaj grill,72,Calgary,Middle Eastern
saap thai kitchen,98,Calgary,Thai
sabores,97,Calgary,"Fast Food, Mexican"
safa shawarma,80,Calgary,"Fast Food, Middle Eastern"
safari grill,86,Calgary,African
saffron,79,Calgary,Indian
saffron bistro,97,Calgary,Indian
saffron kitchen and bakery,93,Calgary,Middle Eastern
saffron mantra,80,Calgary,"French, Indian"
sahana's sri lankan and south indian fusion,80,Calgary,Indian
sahara pizza,100,Calgary,"Pub Food, Italian"
saigon baguette,80,Calgary,Vietnamese
saigon corner restaurant,80,Calgary,Vietnamese
saigon deli,96,Calgary,Vietnamese
saigon gourmet restaurant,80,Calgary,Vietnamese
saigon maxim,86,Calgary,Vietnamese
saigon night,98,Calgary,Thai
saigon noodle world,80,Calgary,Vietnamese
saigon pearl,91,Calgary,Vietnamese
saigon red sky vietnamese restaurant,95,Calgary,Vietnamese
saigon rex,97,Calgary,Chinese
saigon south,72,Calgary,Vietnamese
saigon star ultimate sub and vietnamese cuisine,93,Calgary,Vietnamese
saigon star vietnamese cuisine,80,Calgary,Vietnamese
saigon thai restaurant,80,Calgary,Thai
saigon west asian kitchen,80,Calgary,Chinese
saj bakery,80,Calgary,Mediterranean
salsita mexican food corp.,93,Calgary,"Fast Food, Mexican"
salt and pepper mexican restaurant,67,Calgary,Mexican
saman restaurant & bakery,75,Calgary,Middle Eastern
sammy's chophouse,93,Calgary,Pub Food
sammy's sports bar,80,Calgary,"Pub Food, Korean, Chinese"
sammy's world's greatest pizza,97,Calgary,"Fast Food, Pub Food"
samosa garden express,80,Calgary,Indian
samosa house & tiffin,77,Calgary,Indian
samosa junction,90,Calgary,"Fast Food, Indian"
samurai ramen & sushi,99,Calgary,Japanese
satay house,80,Calgary,Vietnamese
saucy burger canada,80,Calgary,Fast Food
saveg cafe,90,Calgary,Korean
savino pizzeria,91,Calgary,"Fast Food, Italian"
savoy's south indian kitchen,98,Calgary,"Middle Eastern, Indian"
sawa market & cafe,80,Calgary,"Middle Eastern, Italian, Mediterranean"
scarpetta italian eatery,80,Calgary,Italian
scarpetta pizzeria,84,Calgary,Italian
schanks sports grill,85,Calgary,Mexican
schooners pub,98,Calgary,Pub Food
"scotian style pizza, donair, and seafood",80,Calgary,Fast Food
scotsman's well,88,Calgary,Pub Food
sea. fish n' chips,96,Calgary,Pub Food
seanachie irish pub,86,Calgary,"Pub Food, Italian"
secret cafe vietnamese sub,89,Calgary,Vietnamese
sector 17,83,Calgary,Indian
sedar grove - dnu,80,Calgary,Italian
sedar grove - just eat,75,Calgary,Italian
sen vietnamese kitchen,90,Calgary,"Vietnamese, Chinese"
seoul korean bbq,96,Calgary,"Korean, Chinese"
serious pizza,74,Calgary,"Fast Food, Pub Food"
sesame,97,Calgary,Chinese
shack poutine,88,Calgary,Fast Food
shahi flavours,93,Calgary,Indian
shahi masala paan,80,Calgary,"Fast Food, Indian"
shalimar paan and chatkhara house,87,Calgary,Indian
shanghai classic restaurant,82,Calgary,Chinese
shangri-la palace,80,Calgary,"Indian, Chinese"
shark club,93,Calgary,Pub Food
sharma sweets restaurant,73,Calgary,Indian
shawarma and falafel city,95,Calgary,"Middle Eastern, Mediterranean"
shawarma and kebob house,93,Calgary,Middle Eastern
shawarma ave,95,Calgary,Middle Eastern
shawarma barlow,91,Calgary,Middle Eastern
shawarma corner,98,Calgary,Mediterranean
shawarma empire,80,Calgary,"Middle Eastern, Indian"
shawarma grill and meat shop,78,Calgary,Middle Eastern
shawarma house,90,Calgary,Middle Eastern
shawarma king,67,Calgary,Mediterranean
shawarma king calgary,76,Calgary,Fast Food
shawarma knight,75,Calgary,"Middle Eastern, Mediterranean"
shawarma passion by shawarma palace,89,Calgary,"Fast Food, Mexican"
shawarma pizza zone,72,Calgary,"Fast Food, Middle Eastern"
shawarma station,80,Calgary,"Fast Food, Pub Food, Middle Eastern, Mediterranean"
shawarma station - just eat,75,Calgary,"Fast Food, Middle Eastern, Mediterranean"
shawarmoes sandwiches & cocktails,80,Calgary,Middle Eastern
shawdesi bazaar foods & catering,91,Calgary,Indian
shawnessy pizza & butter chicken house,80,Calgary,Indian
shawnessy vietnamese restaurant,98,Calgary,Vietnamese
shell,74,Calgary,Convenience
shem's,80,Calgary,Mediterranean
shibuya izakaya,97,Calgary,Japanese
shigatsu fusion japanese lounge,80,Calgary,Japanese
shijo sushi,80,Calgary,"Japanese, Chinese"
shiki menya,90,Calgary,Japanese
shillelagh's pub,80,Calgary,Pub Food
shiraz persian cuisine,80,Calgary,Pub Food
sho sushi bar & kitchen,88,Calgary,Japanese
shogun grill,75,Calgary,Thai
shokudo restaurant and lounge,80,Calgary,Japanese
shokunin,90,Calgary,Japanese
si foods - supreme dosa,84,Calgary,Indian
sichani's mediterranean,80,Calgary,Mediterranean
side street pub & grill,95,Calgary,"Pub Food, Indian"
side street pub & grill - just eat,75,Calgary,"Pub Food, Indian"
signature palace,87,Calgary,Fast Food
silina's mediterranean,75,Calgary,Mediterranean
silver city,99,Calgary,Chinese
silver point pub & eatery,96,Calgary,"Fast Food, Pub Food"
simmer hong,93,Calgary,Chinese
simply irie caribbean cuisine,94,Calgary,Caribbean
sinbad shawarma,75,Calgary,Indian
singapore sam's,96,Calgary,Chinese
singapore sam's late night,80,Calgary,Chinese
singapore sam's vegetarian & gluten-free,90,Calgary,Chinese
singh's tiffin,80,Calgary,Indian
siomai queen,100,Calgary,Filipino
sizzlin' suteki,80,Calgary,Japanese
sizzling grill,76,Calgary,Indian
skip express lane,95,Calgary,Convenience
skylark restaurant,85,Calgary,Indian
slumdog bar & grill hakka cuisine,80,Calgary,Pub Food
smokehouse n broaster chicken,93,Calgary,Fast Food
smokt,73,Calgary,Fast Food
smooth curry thai cuisine,80,Calgary,Thai
snow fairy,80,Calgary,Korean
snow palace,95,Calgary,Chinese
soban korean bbq,87,Calgary,Korean
sociables taphouse,74,Calgary,Pub Food
sole restaurant,80,Calgary,Korean
soluxe restaurant,80,Calgary,"Fast Food, Chinese"
something more,96,Calgary,"Vietnamese, Chinese"
song viet,80,Calgary,Vietnamese
sophie's pizza,98,Calgary,"Pub Food, Italian"
soul cooking,80,Calgary,Indian
south indian food junction,80,Calgary,Indian
south street burger,91,Calgary,Fast Food
southview vietnamese village,93,Calgary,Vietnamese
spaghetti cafe prairie,80,Calgary,Italian
spice 7,80,Calgary,Indian
spice cafe & lounge,80,Calgary,"Thai, Indian"
spice hut,97,Calgary,Indian
spices east indian take-out,80,Calgary,Indian
spicy amigos,81,Calgary,"Latin American, Mexican"
spicy chef,97,Calgary,"Fast Food, Indian"
spicy delights,80,Calgary,Indian
spicy root restaurant,78,Calgary,Indian
spolumbo's cafe,99,Calgary,Italian
spolumbo's fine foods,95,Calgary,Italian
spot pub & grill,80,Calgary,Pub Food
spring roll chalet,93,Calgary,Vietnamese
spring vietnamese cuisine,100,Calgary,Vietnamese
ss106 aperitivo bar,72,Calgary,Italian
sso yummy,100,Calgary,Korean
ssome,93,Calgary,Korean
state & main,82,Calgary,Pub Food
stavro's on fourth,80,Calgary,"Fast Food, Pub Food"
stonebowl korean cuisine,80,Calgary,Korean
stonegate pub and restaurant,80,Calgary,Pub Food
stonewall pub,94,Calgary,Pub Food
strathos bar & grill,80,Calgary,Pub Food
streats braeside kitchen,92,Calgary,"Fast Food, Latin American, Mexican"
streats legacy,88,Calgary,"Fast Food, Latin American, Mexican"
street tenders chicken tenders,90,Calgary,Fast Food
street wings and flatbread pizza,82,Calgary,"Fast Food, Pub Food"
streets of mumbai - indian street food & grill,80,Calgary,Indian
subs 'n such,93,Calgary,Fast Food
subs n more,93,Calgary,Mediterranean
subsnbubbles,88,Calgary,"Korean, Vietnamese"
subway - dnu,75,Calgary,Fast Food
subway 17th,80,Calgary,Fast Food
sucre patisserie and cafe,81,Calgary,French
sukhi da dhaba,75,Calgary,Indian
sumo grill japanese restaurant,75,Calgary,Japanese
sumo lounge,76,Calgary,Japanese
sun's bbq restaurant,91,Calgary,Chinese
sunpark cafe,80,Calgary,"Middle Eastern, Mediterranean"
sunshine vietnamese,82,Calgary,"Chinese, Vietnamese"
super pizza,80,Calgary,Indian
surahi restaurant,94,Calgary,Indian
surya,76,Calgary,Indian
surya rundlehorn restaurant and sweets,72,Calgary,Indian
sushi & co.,91,Calgary,"Japanese, Chinese"
sushi & kitchen,92,Calgary,"Thai, Japanese"
sushi 2 you,80,Calgary,Japanese
sushi ai,95,Calgary,Japanese
sushi bar zipang,86,Calgary,Japanese
sushi bbq inn,95,Calgary,Japanese
sushi bistro anzu,98,Calgary,Japanese
sushi boat,84,Calgary,Japanese
sushi center,82,Calgary,Japanese
sushi ichiban,80,Calgary,Japanese
sushi ichiban - just eat,75,Calgary,Japanese
sushi ichiban westbrook,97,Calgary,Japanese
sushi kawa japanese restaurant,82,Calgary,Japanese
sushi kimu,96,Calgary,Japanese
sushi mori japanese bistro,80,Calgary,Japanese
sushi party,77,Calgary,Japanese
sushi q,80,Calgary,Japanese
sushi shop,95,Calgary,Japanese
sushi sushi japanese restaurant,75,Calgary,Japanese
sushi ten,94,Calgary,Japanese
sushi toki,98,Calgary,Japanese
sushiin,87,Calgary,Japanese
swagat indian restaurant and sweets,80,Calgary,Indian
swans of inglewood,80,Calgary,Pub Food
swigs pub and grill,75,Calgary,Pub Food
swiss chalet master menu,80,Calgary,Italian
t.pot china bistro,77,Calgary,Chinese
tabu vietnamese fusion cuisine,80,Calgary,Vietnamese
taco del mar,73,Calgary,Mexican
taco time,94,Calgary,"Fast Food, Mexican"
taco time - dnu,74,Calgary,"Fast Food, Mexican"
tacos mexico,74,Calgary,Mexican
tahini's,82,Calgary,"Middle Eastern, Mediterranean"
tai pan dim sum,80,Calgary,Chinese
taichi asian cuisine,93,Calgary,Chinese
taiko canteen,75,Calgary,Korean
taiyo,86,Calgary,Japanese
taj mahal,100,Calgary,Indian
take it and go,75,Calgary,African
taketomi village chinese cuisine,82,Calgary,"Thai, Indian, Chinese"
takori,75,Calgary,Mexican
takoyami,88,Calgary,Japanese
takumi sushi,98,Calgary,Japanese
tam vietnamese submarine,75,Calgary,Vietnamese
tamarind,90,Calgary,"Fast Food, Indian"
tamarind - just eat,75,Calgary,"Fast Food, Indian"
tambayan at kainang filipino restaurant,97,Calgary,Filipino
tandoori grill,80,Calgary,Indian
tandoori kabab hut,95,Calgary,Indian
tandoori nights calgary,72,Calgary,Indian
tandoori paradise formerly s&m meats,80,Calgary,Indian
tandoori taj,93,Calgary,Indian
tandori indian cuisine,80,Calgary,Indian
tang dynasty restaurant,86,Calgary,Chinese
tang vietnamese subs & grill,97,Calgary,"Chinese, Vietnamese"
tango vietnamese & thai,82,Calgary,Vietnamese
tao vietnamese cuisine,80,Calgary,Vietnamese
tao's pizza & steakhouse,80,Calgary,Italian
taqueria el charrito,90,Calgary,Mexican
taqueria el chefe,70,Calgary,Mexican
taqueria luce,80,Calgary,Mexican
taste café,93,Calgary,Korean
taste of chennai,80,Calgary,Indian
taste of ginger,80,Calgary,"Thai, Vietnamese"
taste of himalayas,92,Calgary,Indian
taste of india,92,Calgary,Indian
taste of korea,100,Calgary,Korean
taste of thailand,96,Calgary,Thai
taste of thailand - just eat,75,Calgary,Thai
tasty halal store,72,Calgary,"Middle Eastern, Convenience"
tasty indian cuisine & banquet hall,72,Calgary,Indian
tastypoint,80,Calgary,"Fast Food, Chinese"
tavern 52,92,Calgary,Pub Food
tea zone,75,Calgary,Vietnamese
teaspoon,80,Calgary,Indian
teatro,82,Calgary,Italian
teff n greens,80,Calgary,Ethiopian
tekkotsu ya ramen,80,Calgary,Japanese
temple food store,92,Calgary,Convenience
temple shawarma,92,Calgary,Middle Eastern
tenshi sushi,82,Calgary,Japanese
tenth street landing,80,Calgary,Pub Food
termeh food and pastry,80,Calgary,"Middle Eastern, Mediterranean"
termeh mediterranean and persian,80,Calgary,"Middle Eastern, Mediterranean"
tg juice bar & breakfast,86,Calgary,African
thai bistro,82,Calgary,Thai
thai boat restaurant,97,Calgary,Thai
thai express,82,Calgary,"Fast Food, Thai"
thai fusion delight,80,Calgary,Thai
thai fusion delight  - just eat,75,Calgary,Indian
thai nongkhai restaurant,85,Calgary,Thai
thai tai,80,Calgary,"Thai, Vietnamese"
thai tai 303 centre,80,Calgary,"Thai, Vietnamese"
thai tai vietnamese sub & grill,94,Calgary,"Thai, Vietnamese"
thai thien sub,94,Calgary,Thai
thanh long noodle house,80,Calgary,"Fast Food, Vietnamese"
that's italian too,80,Calgary,Italian
the baron,80,Calgary,Pub Food
the ben & jerry's ice cream shop,80,Calgary,Convenience
the berwick public house,67,Calgary,Pub Food
the big cheese poutinerie,97,Calgary,"Fast Food, Pub Food"
the black bull pub,83,Calgary,Pub Food
the blind monk,80,Calgary,Pub Food
the block kitchen and lounge,75,Calgary,Italian
the blue house,82,Calgary,Italian
the burger's priest,94,Calgary,Pub Food
the canadian brewhouse,74,Calgary,Pub Food
the casbah restaurant,80,Calgary,"Middle Eastern, African"
the cat 'n fiddle pub,90,Calgary,Pub Food
the chai bar,78,Calgary,"Fast Food, Indian"
the cheesecake cafe,87,Calgary,Italian
the cheesecake factory bakery desserts by la diperie,75,Calgary,"Fast Food, French"
the chick pea,93,Calgary,"Fast Food, Middle Eastern"
the cholas,88,Calgary,Indian
the crown restaurant,72,Calgary,Indian
the curry leaf,80,Calgary,Indian
the curry leaf bar & restaurant,80,Calgary,"Indian, Chinese"
the dandelion cafe,75,Calgary,Indian
the den,88,Calgary,Korean
the derrick gin mill & kitchen,80,Calgary,Pub Food
the desert pita & grill,90,Calgary,"Middle Eastern, Mediterranean"
the donair place & mediterranean cuisine,91,Calgary,Middle Eastern
the dorset pub & eatery,80,Calgary,Pub Food
the flavour,75,Calgary,Fast Food
the george avenida,80,Calgary,Pub Food
the greek corner,96,Calgary,Fast Food
the hideout,93,Calgary,Pub Food
the hub cafe,76,Calgary,Convenience
the indian food,96,Calgary,"Fast Food, Indian"
the king and i thai,82,Calgary,Thai
the kitchens,75,Calgary,Pub Food
the lookout food and drink,80,Calgary,Pub Food
the mash,82,Calgary,Fast Food
the moose and poncho,82,Calgary,Mexican
the muster place,80,Calgary,"Pub Food, Italian"
the namaste india buffet & chaat house,76,Calgary,Indian
the one sushi,82,Calgary,Japanese
the placery at the hyatt place calgary airport,90,Calgary,Korean
the plate,80,Calgary,Korean
the plow western tap and grill,80,Calgary,Pub Food
the point public house,82,Calgary,"Fast Food, Pub Food"
the potion room,72,Calgary,Pub Food
the real canadian poutine,95,Calgary,Fast Food
the samosa factory,97,Calgary,Indian
the saucy bread company,80,Calgary,Fast Food
the spices,80,Calgary,Indian
the spicy jamakin,80,Calgary,Fast Food
the station pub + grill,84,Calgary,"Pub Food, Italian"
the street eatery,97,Calgary,Japanese
the submarine,93,Calgary,Vietnamese
the thirsty turtle,80,Calgary,Pub Food
the tommyfield gastro pub,89,Calgary,Pub Food
the trop,93,Calgary,Pub Food
the unicorn,86,Calgary,Fast Food
the village flatbread company,93,Calgary,"Fast Food, Pub Food"
the winkin' owl pub,80,Calgary,Pub Food
thorncliffe greenview restaurant and lounge,80,Calgary,Pub Food
three fortunes chinese restaurant,71,Calgary,"Chinese, Vietnamese"
thé moon tea house,80,Calgary,Japanese
tiger katsu and sushi,80,Calgary,Japanese
tikha masala,80,Calgary,Indian
tim hortons,83,Calgary,Fast Food
tin tin dim sum,90,Calgary,Japanese
tini vietnamese restaurant,91,Calgary,Vietnamese
tipperary's pub,89,Calgary,Pub Food
tipsy pig kitchen & bar,93,Calgary,"Pub Food, Italian"
tipsy pig pub,70,Calgary,Pub Food
tnk vietnamese restaurant,84,Calgary,Vietnamese
to go square,80,Calgary,"Fast Food, Korean"
to me sub,91,Calgary,Vietnamese
toa vietnamese cuisine,80,Calgary,Vietnamese
toad 'n' turtle pubhouse & grill,82,Calgary,Pub Food
tobe teppanyaki lounge,93,Calgary,"Japanese, Chinese"
tok-tok calgary,72,Calgary,"Fast Food, Korean"
tokachi japanese restaurant,91,Calgary,Japanese
tokaido ramen & sushi,97,Calgary,Japanese
tokyo station,98,Calgary,"Fast Food, Japanese"
tokyo street market,91,Calgary,Japanese
tomahawk kitchen + bar,72,Calgary,Pub Food
tony roma's,82,Calgary,Pub Food
top brass restaurant and lounge,91,Calgary,"Fast Food, Pub Food, Chinese"
top in town pizza,94,Calgary,Italian
toro bravo taqueria,73,Calgary,Mexican
toscana italian grill,85,Calgary,Italian
toto pizza,72,Calgary,Italian
towa sushi,83,Calgary,Japanese
towa sushi - just eat,75,Calgary,Japanese
trawler's seafood kitchen,91,Calgary,Pub Food
tre viet-vietnamese cuisine,80,Calgary,Vietnamese
tres carnes taqueria,80,Calgary,Mexican
tres marias food market,90,Calgary,Convenience
trio express,72,Calgary,"Middle Eastern, Pub Food, Mediterranean"
trio restaurant & cafe,72,Calgary,"Middle Eastern, Mediterranean"
triple o's,93,Calgary,Fast Food
trolley 5 brewpub,82,Calgary,"Fast Food, Pub Food"
tropical escape restaurant and sports bar,80,Calgary,Pub Food
tropicana pizza,81,Calgary,"Fast Food, Pub Food"
trullo trattoria,90,Calgary,Italian
truly good chinese food,92,Calgary,Chinese
trung nguyen v-n subs,93,Calgary,Vietnamese
trust convenience ltd.,80,Calgary,"Fast Food, Convenience"
tsujiri,93,Calgary,Japanese
tu taco,87,Calgary,Mexican
tu tierra,92,Calgary,Mexican
tu:go yyc,97,Calgary,"Korean, Japanese"
tubby dog,72,Calgary,"Fast Food, Pub Food"
tuk tuk thai,91,Calgary,Thai
tumey's subs and bubs,80,Calgary,"Indian, Vietnamese"
turca turkish food,72,Calgary,Middle Eastern
turca turkish food&market,93,Calgary,Mediterranean
turkish kebab house,93,Calgary,Mediterranean
turmeric indian restaurant,94,Calgary,Indian
tusks grill,93,Calgary,"African, Indian"
twe's sub,80,Calgary,Vietnamese
twisted element,80,Calgary,Pub Food
twisted rice bowls and chicken tenders,80,Calgary,Pub Food
two penny chinese,82,Calgary,Chinese
u & me,92,Calgary,"Thai, Japanese, Chinese"
umami burger,80,Calgary,Thai
umi sushi express,76,Calgary,Japanese
unimarket,80,Calgary,Mexican
union 26,80,Calgary,Pub Food
universe restaurant,67,Calgary,"Pub Food, Italian"
upper deck public house,80,Calgary,Pub Food
upper nile restaurant,80,Calgary,African
uptown pizza,88,Calgary,"Middle Eastern, Indian"
uptown sushi,80,Calgary,Japanese
urban st. donair,92,Calgary,Middle Eastern
utsav sweets and restaurant,93,Calgary,Indian
vagabond,80,Calgary,Chinese
van son,80,Calgary,"Fast Food, Vietnamese, Chinese"
van son vietnamese cuisine 16th avenue northwest,97,Calgary,Vietnamese
varsity pizza & subs,92,Calgary,Italian
vault17,75,Calgary,"Pub Food, African"
veg-in yyc,80,Calgary,Indian
vegan street taco bar,82,Calgary,Mexican
vegetarian delite bakery & pizza,80,Calgary,Indian
veggie king,80,Calgary,"Indian, Chinese"
vera's burger shack,92,Calgary,Mexican
vern's pizza,89,Calgary,Fast Food
vern's pizza millrise,100,Calgary,Italian
vero bistro moderne,82,Calgary,Italian
verona pizza,93,Calgary,"Pub Food, Italian"
via cibo - dnu,82,Calgary,Italian
vic's hong kong style bbq & cafe,76,Calgary,Japanese
vien dong deli,86,Calgary,Vietnamese
viet garden restaurant,96,Calgary,Vietnamese
viet hai,84,Calgary,Vietnamese
viet lounge,77,Calgary,Vietnamese
viet noodle bar,80,Calgary,Vietnamese
viet thai bistro,79,Calgary,"Thai, Vietnamese"
viet to go subs,100,Calgary,Vietnamese
viet west restaurant,100,Calgary,Vietnamese
vietnam fortune restaurant,91,Calgary,"Pub Food, Vietnamese"
vietnam palace grill & noodle house (creekside mall),96,Calgary,"Thai, Vietnamese"
vietnam palace grill & noodle house (marlborough mall),99,Calgary,"Thai, Vietnamese"
vietnam restaurant,80,Calgary,Vietnamese
vietnam sub & grill,96,Calgary,Vietnamese
vietnamese beef stew noodle house,98,Calgary,Vietnamese
vietnamese chop chop,100,Calgary,Vietnamese
vietnamese poutine made by thai tai,72,Calgary,Vietnamese
vietnamese subs & bubs,80,Calgary,"Fast Food, Vietnamese"
vietnamese village express ltd,75,Calgary,Vietnamese
villa firenze,74,Calgary,Italian
village pita bakery,80,Calgary,Mediterranean
villages pizza,88,Calgary,Italian
vin room mission,79,Calgary,Italian
visionary catering,80,Calgary,Fast Food
viva mexico,82,Calgary,"Latin American, Mexican"
vivaan's yummies,81,Calgary,"Fast Food, Indian"
waalflower kitchen & cocktails,80,Calgary,Italian
wakado ramen,100,Calgary,Japanese
wally's waffles,81,Calgary,Fast Food
wami ootoya japanese cuisine,98,Calgary,Japanese
warranski burger,76,Calgary,Pub Food
wasim's donair & pizza,93,Calgary,"Middle Eastern, Italian"
well bake,93,Calgary,"Middle Eastern, Mediterranean"
wendy's,87,Calgary,Fast Food
western chinese food restaurant,80,Calgary,Chinese
western sushi express,72,Calgary,Japanese
westwind shawarma,80,Calgary,"Middle Eastern, Mediterranean"
what the bowl,80,Calgary,Fast Food
what the poke,88,Calgary,Chinese
white elephant thai cuisine,91,Calgary,Thai
whitehorn 786 pizza,82,Calgary,Mediterranean
wholelifego,93,Calgary,Japanese
wicked wedge,80,Calgary,Pub Food
windsor pizza co.,72,Calgary,"Fast Food, Pub Food, Italian"
windsor rose,94,Calgary,Pub Food
windsor rose panorama hills,96,Calgary,Pub Food
winebar kensington,72,Calgary,Italian
wing's fine foods to go,81,Calgary,Chinese
wings & things,93,Calgary,Fast Food
wings & things by reef kitchens,93,Calgary,Fast Food
wings n tings,80,Calgary,Caribbean
winks convenience,74,Calgary,Convenience
winsport delivers,75,Calgary,Pub Food
winton chinese,84,Calgary,"Vietnamese, Chinese"
without papers pizza,86,Calgary,Italian
wok box,88,Calgary,"Japanese, Thai, Vietnamese, Fast Food, Chinese"
wok with dave,88,Calgary,Chinese
wonton express,72,Calgary,Chinese
woods well restaurant and sports bar,72,Calgary,Pub Food
woody's barbq,80,Calgary,Pub Food
woody's taphouse,77,Calgary,Pub Food
wow bao,93,Calgary,Chinese
wow chicken chinatown,99,Calgary,Chinese
wrap me up,87,Calgary,Mediterranean
wurst,90,Calgary,German
wurst uberkitchen wunderbar,86,Calgary,Pub Food
wycked deli,80,Calgary,Korean
xs lounge and grill at the radisson,72,Calgary,Indian
y93 sushi crave japanese cafe,96,Calgary,Japanese
yaad gaar,76,Calgary,"Fast Food, Indian"
yakuza sushi,80,Calgary,Japanese
yalla yalla,80,Calgary,"Fast Food, Mediterranean"
yamato sushi,80,Calgary,Japanese
yamazaki sushi kitchen,66,Calgary,Japanese
yellow box,80,Calgary,Italian
yellow box pizza,80,Calgary,Fast Food
yenny delights,93,Calgary,African
yifang taiwan fruit tea,100,Calgary,"Vietnamese, Chinese"
yim siam thai street food,96,Calgary,"Fast Food, Thai"
yogen fruz,93,Calgary,Fast Food
yogen früz,72,Calgary,Fast Food
yuga downtown,80,Calgary,Indian
yuga traditional indian kitchen and bar,80,Calgary,Indian
yuga westspring,80,Calgary,Indian
yum yum bbq chicken,100,Calgary,Korean
yum yum restaurant,80,Calgary,Chinese
yume sushi,87,Calgary,Japanese
yummy cafe,93,Calgary,Korean
yummy one chinese restaurant,70,Calgary,Chinese
yummy yummy restaurant,86,Calgary,Chinese
yyc hakka junction,80,Calgary,Indian
yyc pasta bar,90,Calgary,Italian
yyc perogies and rice bowls,80,Calgary,Mexican
zaafran lounge & grill,72,Calgary,"Middle Eastern, Indian"
zab der authentic thai and sushi,90,Calgary,Thai
zaika biryani house,82,Calgary,"Middle Eastern, Indian"
zaika the indian delicacy,95,Calgary,Indian
zaitunay wraps,80,Calgary,Fast Food
zam zam catering inc.,75,Calgary,Indian
zaman middle eastern cuisine,75,Calgary,Middle Eastern
zayna kilimanjaro & vietnamese cuisine & grill,80,Calgary,Vietnamese
zcrew cafe,69,Calgary,Korean
zen 8 grill,80,Calgary,"Japanese, Chinese"
zimidara restaurant,67,Calgary,Indian
